logtick,degree,cmX,setspeed,reserved1,reserved2,reserved3
44754,160.27907446191114,0.0,0.0,12.496458053588867,-11.227869033813477,2.7973976135253906
44774,146.92589134768235,0.0,0.0,12.632061004638672,-12.16443920135498,2.564340591430664
44794,134.20857409603593,0.0,0.0,11.674209594726562,-10.747517585754395,2.342381477355957
44814,122.0362847266029,0.0,0.0,11.502063751220703,-10.704923629760742,2.1299350261688232
44834,110.68153718049001,0.0,0.0,11.752269744873047,-9.525163650512695,1.9317572116851807
44854,100.14433145769726,0.0,0.0,12.135885238647461,-9.383858680725098,1.747848391532898
44874,90.60634351896243,0.0,0.0,11.53665828704834,-7.928396224975586,1.5813791751861572
44894,81.88589740354774,0.0,0.0,11.77328872680664,-6.745063781738281,1.4291784763336182
44914,73.98299311145317,0.0,0.0,11.407305717468262,-6.457767486572266,1.2912468910217285
44934,66.98846862304762,0.0,0.0,11.39887809753418,-6.221822738647461,1.1691694259643555
44954,60.90232393833111,0.0,0.0,10.990850448608398,-4.795785903930664,1.0629462003707886
44974,55.54288309656582,0.0,0.0,10.969752311706543,-4.640144348144531,0.9694061875343323
44994,50.91014609775178,0.0,0.0,10.804229736328125,-4.275954246520996,0.8885496258735657
45014,47.18578890262674,0.0,0.0,10.758747100830078,-3.1722235679626465,0.82354736328125
45034,43.824783628977315,0.0,0.0,10.905389785766602,-2.069051742553711,0.7648867964744568
45054,41.19048219827914,0.0,0.0,10.933958053588867,-1.949047327041626,0.7189095616340637
45074,39.19204663016325,0.0,0.0,10.718489646911621,-1.5854302644729614,0.684030294418335
45094,37.82947692462972,0.0,0.0,10.580036163330078,-1.1962950229644775,0.660248875617981
45114,37.011935101309575,0.0,0.0,10.590067863464355,-0.12033449113368988,0.645980179309845
45134,36.73942116020288,0.0,0.0,10.598246574401855,-4.93624756927602e-05,0.6412239074707031
45154,37.011935101309575,0.0,0.0,10.59615707397461,1.074847936630249,0.645980179309845
45174,37.82947692462972,0.0,0.0,10.572098731994629,1.1922752857208252,0.660248875617981
45194,39.19204663016325,0.0,0.0,10.651025772094727,1.5727779865264893,0.684030294418335
45214,41.099644217910225,0.0,0.0,10.597259521484375,1.6235735416412354,0.7173241376876831
45234,43.64310766823951,0.0,0.0,10.716384887695312,2.7773540019989014,0.7617159485816956
45254,46.73159900078221,0.0,0.0,10.61325454711914,3.0546741485595703,0.8156202435493469
45274,50.546794176276165,0.0,0.0,10.608616828918457,4.23721170425415,0.882207989692688
45294,54.90701723398351,0.0,0.0,10.81242561340332,3.573613166809082,0.958308219909668
45314,60.084782115010995,0.0,0.0,10.91360092163086,4.75623083114624,1.0486773252487183
45334,65.98925083898968,0.0,0.0,10.800339698791504,5.9384765625,1.151729702949524
45354,72.62042340591961,0.0,0.0,11.11890697479248,6.328701019287109,1.267465591430664
45374,80.1599757765386,0.0,0.0,10.860929489135742,7.442497253417969,1.3990554809570312
45394,88.42623199010876,0.0,0.0,10.791314125061035,7.572175979614258,1.543328881263733
45414,97.60086800736798,0.0,0.0,10.92630672454834,8.042896270751953,1.7034566402435303
45434,107.6838838283162,0.0,0.0,11.811704635620117,9.472882270812988,1.8794384002685547
45454,118.4936034922157,0.0,0.0,12.45608139038086,10.574913024902344,2.068103790283203
45474,130.03002699906642,0.0,0.0,11.456703186035156,10.704459190368652,2.2694523334503174
45494,142.11147838813054,0.0,0.0,10.706501007080078,10.746902465820312,2.480313301086426
45514,154.82879563977696,0.0,0.0,11.509729385375977,11.097962379455566,2.702272415161133
45534,167.909464812899,0.0,0.0,12.463882446289062,11.449949264526367,2.9305732250213623
45554,-178.90994423557316,0.0,0.0,11.533265113830566,11.172578811645508,-3.122567653656006
45574,-165.7384370820822,0.0,0.0,11.321671485900879,12.164249420166016,-2.89268159866333
45594,-152.83944386969796,0.0,0.0,11.566314697265625,11.099245071411133,-2.6675517559051514
45614,-140.39464055915823,0.0,0.0,11.742364883422852,10.981634140014648,-2.4503488540649414
45634,-128.58570311120081,0.0,0.0,12.114744186401367,9.877164840698242,-2.24424409866333
45654,-117.41263152582573,0.0,0.0,11.364873886108398,9.512639999389648,-2.049237012863159
45674,-107.14793974413969,0.0,0.0,11.529611587524414,8.321434020996094,-1.870084524154663
45694,-97.70078978577376,0.0,0.0,10.839014053344727,7.927185535430908,-1.7052005529403687
45714,-89.16201963109687,0.0,0.0,11.010090827941895,6.73610782623291,-1.5561708211898804
45734,-81.531629280109,0.0,0.0,10.429718017578125,6.341673374176025,-1.4229954481124878
45754,-74.80961873281016,0.0,0.0,10.564628601074219,5.150700092315674,-1.3056741952896118
45774,-68.99598798920037,0.0,0.0,10.10324478149414,4.7562971115112305,-1.204207181930542
45794,-63.99989906891069,0.0,0.0,9.86079216003418,4.366095542907715,-1.1170090436935425
45814,-59.91218995231006,0.0,0.0,9.742915153503418,3.183492422103882,-1.0456650257110596
45834,-56.64202265902955,0.0,0.0,9.83421516418457,2.0690383911132812,-0.9885898232460022
45854,-54.09855920870025,0.0,0.0,9.774221420288086,1.702498197555542,-0.9441980123519897
45874,-52.372637581691095,0.0,0.0,9.70625114440918,0.5227164626121521,-0.9140750169754028
45894,-51.373419797633176,0.0,0.0,9.630025863647461,0.12981060147285461,-0.8966353535652161
45914,-51.010067876157564,0.0,0.0,9.600558280944824,0.0013736349064856768,-0.8902936577796936
45934,-51.464257778002064,0.0,0.0,9.578983306884766,-0.3891679346561432,-0.8982207179069519
45954,-52.5543135424289,0.0,0.0,9.526813507080078,-1.2305948734283447,-0.9172458052635193
45974,-54.37107314980696,0.0,0.0,9.556496620178223,-1.5868048667907715,-0.9489542841911316
45994,-56.91453660013626,0.0,0.0,9.823688507080078,-2.0656628608703613,-0.993346095085144
46014,-60.18470389341677,0.0,0.0,9.745161056518555,-3.170722007751465,-1.0504213571548462
46034,-64.1815750296485,0.0,0.0,9.728425979614258,-4.2725911140441895,-1.1201797723770142
46054,-68.90515000883147,0.0,0.0,9.408754348754883,-4.401411533355713,-1.2026218175888062
46074,-74.53710479170346,0.0,0.0,9.583090782165527,-5.831038475036621,-1.3009178638458252
46094,-80.89576341752668,0.0,0.0,9.640974044799805,-5.9781174659729,-1.4118975400924683
46114,-88.16280184703893,0.0,0.0,10.460206031799316,-6.6921796798706055,-1.5387312173843384
46134,-96.24738209987132,0.0,0.0,10.489356994628906,-7.797312259674072,-1.6798337697982788
46154,-105.14950417602381,0.0,0.0,10.275979042053223,-7.930793762207031,-1.835205078125
46174,-114.86916807549645,0.0,0.0,9.842100143432617,-9.119135856628418,-2.004845380783081
46194,-125.3155358179203,0.0,0.0,10.133943557739258,-9.511054992675781,-2.187168598175049
46214,-136.3977694229265,0.0,0.0,10.957891464233398,-9.864476203918457,-2.3805902004241943
46234,-148.115868890515,0.0,0.0,10.206836700439453,-10.733044624328613,-2.5851097106933594
46254,-160.19732027957912,0.0,0.0,10.899030685424805,-10.981122970581055,-2.795970916748047
46274,-172.55128560974995,0.0,0.0,10.043442726135254,-10.746796607971191,-3.0115880966186523
46294,175.53985516388684,0.0,0.0,10.45062255859375,-11.093751907348633,3.063748598098755
46314,162.55002397113373,0.0,0.0,11.113351821899414,-11.085314750671387,2.8370330333709717
46334,150.55941056243853,0.0,0.0,10.410110473632812,-9.91537857055664,2.6277575492858887
46354,138.9321490752189,0.0,0.0,10.810848236083984,-9.867770195007324,2.42482328414917
46374,127.94075345058161,0.0,0.0,10.37434196472168,-9.512591361999512,2.232987403869629
46394,118.13025157074009,0.0,0.0,10.29184341430664,-9.119498252868652,2.0617618560791016
46414,108.13807373016073,0.0,0.0,10.171876907348633,-7.928403854370117,1.8873655796051025
46434,99.50846559511496,0.0,0.0,10.203125953674316,-6.822463035583496,1.7367504835128784
46454,91.69639928338927,0.0,0.0,9.971148490905762,-6.457644462585449,1.6004040241241455
46474,84.88355075572156,0.0,0.0,9.696098327636719,-5.1594929695129395,1.4814975261688232
46494,78.88824405137393,0.0,0.0,9.208515167236328,-4.760503768920898,1.3768596649169922
46514,73.80131715071536,0.0,0.0,9.152657508850098,-3.6544647216796875,1.2880760431289673
46534,69.53193207337691,0.0,0.0,9.171514511108398,-3.2869858741760254,1.2135611772537231
46554,66.17092679972748,0.0,0.0,9.091917037963867,-2.0702455043792725,1.1549006700515747
46574,63.53662536902931,0.0,0.0,8.821776390075684,-2.660736083984375,1.108923316001892
46594,61.81070374202014,0.0,0.0,8.805705070495605,-1.4697741270065308,1.0788003206253052
46614,60.81148595796222,0.0,0.0,8.788875579833984,-1.1051111221313477,1.0613607168197632
46634,60.62980999722441,0.0,0.0,8.802400588989258,-5.389825673773885e-06,1.058189868927002
46654,61.26567585980672,0.0,0.0,8.75881576538086,1.1909419298171997,1.0692877769470215
46674,62.62824556534028,0.0,0.0,8.818876266479492,1.5840411186218262,1.093069076538086
46694,64.71751911382503,0.0,0.0,8.765575408935547,1.7053792476654053,1.1295338869094849
46714,67.71517246599885,0.0,0.0,8.922470092773438,3.1321449279785156,1.1818526983261108
46734,71.43952966112388,0.0,0.0,9.145936965942383,3.522761106491089,1.2468550205230713
46754,75.98142867956904,0.0,0.0,8.73130989074707,4.39267110824585,1.326126217842102
46774,81.43170750170322,0.0,0.0,8.878273010253906,5.8185133934021,1.4212515354156494
46794,87.60869016678862,0.0,0.0,9.194406509399414,5.236512660980225,1.5290600061416626
46814,94.784890615932,0.0,0.0,9.101133346557617,6.457280158996582,1.6543084383010864
46834,102.77863288839546,0.0,0.0,9.413728713989258,7.797294616699219,1.793825626373291
46854,111.49907900381015,0.0,0.0,9.490022659301758,7.9266357421875,1.946026086807251
46874,121.1279049229139,0.0,0.0,9.561753273010254,9.10938835144043,2.1140809059143066
46894,131.39259670459995,0.0,0.0,9.1085844039917,9.157720565795898,2.2932333946228027
46914,142.38399232923723,0.0,0.0,9.424781799316406,10.57476806640625,2.485069513320923
46934,153.82957785571904,0.0,0.0,9.810508728027344,10.694697380065918,2.6848325729370117
46954,165.6385153036764,0.0,0.0,10.38433837890625,10.968111038208008,2.890937566757202
46974,177.62912871237165,0.0,0.0,10.357439994812012,10.969289779663086,3.1002132892608643
46994,-170.37117408089625,0.0,0.0,10.035465240478516,10.969144821166992,-2.9735379219055176
47014,-159.1981024955212,0.0,0.0,9.532171249389648,9.905820846557617,-2.778531312942505
47034,-147.11665110645706,0.0,0.0,10.195024490356445,9.867344856262207,-2.5676701068878174
47054,-136.2160934621887,0.0,0.0,8.923402786254883,9.1620512008667,-2.3774194717407227
47074,-125.86056370013372,0.0,0.0,9.549455642700195,9.382640838623047,-2.196681499481201
47094,-116.3225757613989,0.0,0.0,9.077949523925781,8.989426612854004,-2.030212163925171
47114,-107.69296762635311,0.0,0.0,9.193849563598633,7.807156562805176,-1.8795969486236572
47134,-99.88090131462744,0.0,0.0,8.89682388305664,6.34604024887085,-1.7432504892349243
47154,-92.88637682622189,0.0,0.0,8.442878723144531,5.978083610534668,-1.6211731433868408
47174,-86.80023214150539,0.0,0.0,8.650792121887207,4.872425079345703,-1.514949917793274
47194,-81.6224672604779,0.0,0.0,8.31723403930664,4.6363205909729,-1.4245809316635132
47214,-77.44392016350837,0.0,0.0,8.264444351196289,3.1835198402404785,-1.3516515493392944
47234,-74.08291488985894,0.0,0.0,8.058547973632812,2.8074355125427246,-1.2929909229278564
47254,-71.72112740026746,0.0,0.0,8.008678436279297,1.937368631362915,-1.2517699003219604
47274,-70.08604375362721,0.0,0.0,8.074577331542969,0.5104331374168396,-1.2232322692871094
47294,-69.35933991067598,0.0,0.0,8.011295318603516,0.11710835248231888,-1.2105488777160645
47314,-69.54101587141379,0.0,0.0,7.969159126281738,-1.074791669845581,-1.2137197256088257
47334,-70.44939567510282,0.0,0.0,7.999043941497803,-0.4835982322692871,-1.2295739650726318
47354,-72.17531730211198,0.0,0.0,7.968354225158691,-1.5979794263839722,-1.2596969604492188
47374,-74.80961873281016,0.0,0.0,7.878918170928955,-2.0658087730407715,-1.3056741952896118
47394,-78.3522999671974,0.0,0.0,7.972753047943115,-4.233197212219238,-1.3675057888031006
47414,-82.62168504453584,0.0,0.0,8.028018951416016,-4.362871170043945,-1.4420205354690552
47434,-87.79944992556332,0.0,0.0,8.203636169433594,-4.756264686584473,-1.5323896408081055
47454,-93.88559461027982,0.0,0.0,8.44743824005127,-6.208747863769531,-1.6386128664016724
47474,-100.69844313794756,0.0,0.0,8.249467849731445,-6.340238571166992,-1.7575193643569946
47494,-108.32883348893543,0.0,0.0,8.1549072265625,-7.523745536804199,-1.8906948566436768
47514,-116.77676566324342,0.0,0.0,8.462890625,-7.8099470138549805,-2.0381391048431396
47534,-126.04223966087153,0.0,0.0,8.33529281616211,-9.002007484436035,-2.199852228164673
47554,-135.85274154071308,0.0,0.0,9.058534622192383,-8.320455551147461,-2.371077537536621
47574,-146.38994726350583,0.0,0.0,8.770999908447266,-9.512036323547363,-2.5549867153167725
47594,-157.29050490777422,0.0,0.0,9.68195629119873,-9.863029479980469,-2.745237350463867
47614,-168.4635764931493,0.0,0.0,8.813985824584961,-9.551231384277344,-2.940244197845459
47634,-179.8183240392622,0.0,0.0,8.438440322875977,-9.551246643066406,-3.1384220123291016
47654,168.81784461658805,0.0,0.0,9.069379806518555,-9.62969970703125,2.9464271068573
47674,157.64477303121294,0.0,0.0,9.431394577026367,-9.628166198730469,2.751420497894287
47694,146.92589134768235,0.0,0.0,8.238852500915527,-9.161931991577148,2.564340591430664
47714,136.6611995659963,0.0,0.0,8.884737014770508,-8.321552276611328,2.385187864303589
47734,126.94153566652369,0.0,0.0,8.249279975891113,-8.993607521057129,2.215547800064087
47754,118.03941359037117,0.0,0.0,8.4339599609375,-7.888944149017334,2.060176372528076
47774,110.0456713179077,0.0,0.0,7.92465353012085,-6.461881160736084,1.9206594228744507
47794,102.77863288839546,0.0,0.0,8.023317337036133,-5.27947473526001,1.793825626373291
47814,96.32913628220331,0.0,0.0,7.496472358703613,-5.858208179473877,1.6812607049942017
47834,90.87885746006913,0.0,0.0,7.664908409118652,-3.693967819213867,1.5861353874206543
47854,86.24612046125509,0.0,0.0,7.806210041046143,-3.5355265140533447,1.5052788257598877
47874,82.52176326613005,0.0,0.0,7.545783042907715,-3.132589817047119,1.4402766227722168
47894,79.70578587469407,0.0,0.0,7.470512866973877,-1.9500794410705566,1.391128420829773
47914,77.7981882869471,0.0,0.0,7.370570182800293,-0.5231859683990479,1.3578345775604248
47934,76.70813252252026,0.0,0.0,7.357282638549805,-0.39029914140701294,1.3388094902038574
47954,76.52645656178242,0.0,0.0,7.282417297363281,-1.9532382111719926e-07,1.3356386423110962
47974,77.16232242436479,0.0,0.0,7.294094085693359,0.3933625817298889,1.3467366695404053
47994,78.7065680906361,0.0,0.0,7.291499137878418,1.5853033065795898,1.373688817024231
48014,81.15919356059652,0.0,0.0,7.203156471252441,2.7773661613464355,1.4164952039718628
48034,84.42936085387703,0.0,0.0,7.363628387451172,3.170823335647583,1.473570466041565
48054,88.51706997047768,0.0,0.0,7.574703216552734,3.563782215118408,1.5449142456054688
48074,93.51315889076733,0.0,0.0,7.62004280090332,4.752129077911377,1.6321126222610474
48094,99.41762761474604,0.0,0.0,7.414762496948242,5.938421726226807,1.7351648807525635
48114,106.13963816204489,0.0,0.0,7.280239582061768,7.053029537200928,1.8524863719940186
48134,113.58835255229491,0.0,0.0,7.678430557250977,6.458771705627441,1.98249089717865
48154,121.94544674623404,0.0,0.0,7.981647968292236,7.8070478439331055,2.128349542617798
48174,131.02924478312434,0.0,0.0,7.876568794250488,8.989415168762207,2.2868919372558594
48194,140.6580707022281,0.0,0.0,8.651556015014648,8.319890975952148,2.454946279525757
48214,150.92276248391414,0.0,0.0,8.651741981506348,9.473038673400879,2.634099245071411
48234,161.5508061870758,0.0,0.0,8.536529541015625,9.512345314025879,2.819593667984009
48254,172.45136383134417,0.0,0.0,8.312983512878418,10.574865341186523,3.0098443031311035
48274,-176.63899472635057,0.0,0.0,8.19312858581543,9.512474060058594,-3.082932233810425
48294,-165.7384370820822,0.0,0.0,8.255531311035156,9.512336730957031,-2.89268159866333
48314,-155.11039337892055,0.0,0.0,8.213171005249023,9.396451950073242,-2.7071871757507324
48334,-144.8457015972345,0.0,0.0,7.479710578918457,9.122278213500977,-2.5280344486236572
48354,-135.12603769776186,0.0,0.0,7.768064498901367,9.002039909362793,-2.3583943843841553
48374,-126.13307764124045,0.0,0.0,7.7959113121032715,7.88899040222168,-2.201437473297119
48394,-117.86682142767026,0.0,0.0,7.503552436828613,6.706369400024414,-2.057164192199707
48414,-110.3272690570513,0.0,0.0,7.36069393157959,6.341639518737793,-1.9255741834640503
48434,-103.69609649012136,0.0,0.0,7.16899299621582,5.948293685913086,-1.8098384141921997
48454,-97.97330372688047,0.0,0.0,7.292424201965332,4.756178379058838,-1.7099568843841553
48474,-93.0680527869597,0.0,0.0,6.79680061340332,4.363243103027344,-1.624343991279602
48494,-89.34369559183467,0.0,0.0,6.740975379943848,3.170818328857422,-1.5593417882919312
48514,-86.07352829855417,0.0,0.0,6.764980316162109,2.7777204513549805,-1.5022666454315186
48534,-83.98425475006938,0.0,0.0,6.7084150314331055,1.5853925943374634,-1.4658018350601196
48554,-82.80336100527364,0.0,0.0,6.643905162811279,0.13294939696788788,-1.4451912641525269
48574,-82.44000908379803,0.0,0.0,6.653988838195801,4.95023668918293e-05,-1.438849687576294
48594,-83.07587494638035,0.0,0.0,6.636130332946777,-1.1919039487838745,-1.4499475955963135
48614,-84.5292826322828,0.0,0.0,6.683848857879639,-1.5854387283325195,-1.4753143787384033
48634,-86.80023214150539,0.0,0.0,6.762225151062012,-1.9499683380126953,-1.514949917793274
48654,-90.0703994347859,0.0,0.0,6.539797782897949,-3.882417678833008,-1.5720250606536865
48674,-94.06727057101763,0.0,0.0,6.885197162628174,-3.560884952545166,-1.641783595085144
48694,-98.9725215109384,0.0,0.0,6.834322929382324,-4.743411064147949,-1.7273962497711182
48714,-104.6953142741793,0.0,0.0,7.151141166687012,-5.119473934173584,-1.8272780179977417
48734,-111.23564886074033,0.0,0.0,7.032130718231201,-6.22170877456665,-1.9414284229278564
48754,-118.59352527062148,0.0,0.0,6.888160228729248,-7.404421329498291,-2.069847583770752
48774,-126.67810552345387,0.0,0.0,7.415402889251709,-7.797354698181152,-2.2109501361846924
48794,-134.85352375665514,0.0,0.0,7.484428405761719,-6.864748001098633,-2.353638172149658
48814,-144.6640256364967,0.0,0.0,7.084334373474121,-8.044225692749023,-2.5248637199401855
48834,-154.4745275163382,0.0,0.0,6.939911842346191,-9.118181228637695,-2.696089267730713
48854,-164.55754333728646,0.0,0.0,7.594571590423584,-8.330347061157227,-2.8720710277557373
48874,-174.91307309934143,0.0,0.0,7.5683159828186035,-8.437291145324707,-3.052809000015259
48894,174.63147536019784,0.0,0.0,7.858608245849609,-9.472904205322266,3.047894239425659
48914,164.91181146072518,0.0,0.0,7.944019794464111,-9.12230110168457,2.8782541751861572
48934,154.82879563977696,0.0,0.0,7.834413051605225,-9.119100570678711,2.702272415161133
48954,144.74577981882868,0.0,0.0,7.810797691345215,-8.279134750366211,2.5262904167175293
48974,135.66198178193838,0.0,0.0,7.114591598510742,-7.927007675170898,2.367748260498047
48994,127.21404960763039,0.0,0.0,6.503410339355469,-7.534140586853027,2.220304012298584
49014,119.85617319774923,0.0,0.0,6.586267471313477,-6.457520484924316,2.0918848514556885
49034,112.58913476823699,0.0,0.0,6.649899005889893,-5.239973545074463,1.9650510549545288
49054,106.68466604425828,0.0,0.0,6.822808265686035,-5.822765827178955,1.8619987964630127
49074,101.41606318286193,0.0,0.0,6.76864767074585,-4.401486873626709,1.7700443267822266
49094,96.78332618404784,0.0,0.0,6.468555450439453,-3.288032054901123,1.68918776512146
49114,93.24064494966063,0.0,0.0,6.37307071685791,-3.132570505142212,1.6273562908172607
49134,90.69718149933135,0.0,0.0,6.26019287109375,-1.702622890472412,1.5829644203186035
49154,88.97125987232215,0.0,0.0,6.101855278015137,-1.2334697246551514,1.5528415441513062
49174,88.15371804900207,0.0,0.0,6.082314968109131,-0.11999783664941788,1.5385726690292358
49194,88.24455602937093,0.0,0.0,6.083639621734619,1.0663508176803589,1.5401580333709717
49214,89.2437738134289,0.0,0.0,6.124631881713867,1.5457643270492554,1.5575976371765137
49234,91.06053342080696,0.0,0.0,6.258423805236816,2.648061513900757,1.589306116104126
49254,93.78567283187402,0.0,0.0,6.25577974319458,3.050564765930176,1.6368688344955444
49274,97.32835406626128,0.0,0.0,6.256720542907715,3.28657603263855,1.6987003087997437
49294,101.77941510433755,0.0,0.0,6.031785488128662,4.391482353210449,1.77638578414917
49314,107.04801796573389,0.0,0.0,6.234587669372559,4.756191253662109,1.8683403730392456
49334,113.13416265045043,0.0,0.0,6.460655212402344,5.149639129638672,1.974563717842102
49354,120.03784915848706,0.0,0.0,6.464642524719238,6.303518295288086,2.0950558185577393
49374,127.75907748984383,0.0,0.0,6.365302085876465,7.5238237380981445,2.2298166751861572
49394,136.025333703414,0.0,0.0,6.304404258728027,7.563505172729492,2.3740899562835693
49414,144.92745577956651,0.0,0.0,6.357015132904053,7.927151679992676,2.52946138381958
49434,154.37460573793243,0.0,0.0,6.373506546020508,9.002176284790039,2.694345235824585
49454,164.0942696374051,0.0,0.0,6.192273139953613,9.031773567199707,2.863985300064087
49474,174.0864474779844,0.0,0.0,6.268956184387207,9.119162559509277,3.038381576538086
49494,-175.91229088339935,0.0,0.0,6.876089572906494,8.321436882019043,-3.07024884223938
49514,-165.92011304282002,0.0,0.0,6.801484107971191,9.118027687072754,-2.8958523273468018
49534,-156.29128712371627,0.0,0.0,6.475756645202637,7.9668426513671875,-2.727797508239746
49554,-146.93497514571925,0.0,0.0,6.522944450378418,7.927178382873535,-2.5644991397857666
49574,-138.12369104993564,0.0,0.0,6.530355453491211,7.807320594787598,-2.4107131958007812
49594,-129.94827281673437,0.0,0.0,6.6846513748168945,6.732065200805664,-2.2680251598358154
49614,-122.49955842648431,0.0,0.0,6.3618669509887695,6.341691017150879,-2.1380207538604736
49634,-115.77754787918549,0.0,0.0,5.8037261962890625,5.948657989501953,-2.0206995010375977
49654,-109.87307915520678,0.0,0.0,5.984374046325684,4.872035503387451,-1.9176470041275024
49674,-104.8769902349171,0.0,0.0,5.782262325286865,4.366113185882568,-1.830448865890503
49694,-100.78928111831647,0.0,0.0,5.84095573425293,3.1721386909484863,-1.7591049671173096
49714,-97.51911382503596,0.0,0.0,5.650478363037109,2.7808218002319336,-1.7020295858383179
49734,-95.15732633544447,0.0,0.0,5.68826961517334,1.6237494945526123,-1.6608086824417114
49754,-93.70391864954202,0.0,0.0,5.6342573165893555,1.2218064069747925,-1.6354418992996216
49774,-93.1588907673286,0.0,0.0,5.653519153594971,0.35098233819007874,-1.6259294748306274
49794,-93.52224268880421,0.0,0.0,5.6185808181762695,-0.36357319355010986,-1.6322709321975708
49814,-94.79397441396885,0.0,0.0,5.619058609008789,-1.581317663192749,-1.6544671058654785
49834,-96.88324796245364,0.0,0.0,5.521864891052246,-2.687263011932373,-1.6909316778182983
49854,-99.79006333425853,0.0,0.0,5.719607353210449,-3.1311731338500977,-1.7416651248931885
49874,-103.51442052938356,0.0,0.0,5.758635520935059,-3.209017753601074,-1.806667447090149
49894,-108.14715752819762,0.0,0.0,5.710958480834961,-4.635979175567627,-1.887524127960205
49914,-113.5974363503318,0.0,0.0,6.180814743041992,-5.818587303161621,-1.9826494455337524
49934,-119.77441901541722,0.0,0.0,6.045904159545898,-6.211838722229004,-2.0904579162597656
49954,-126.67810552345387,0.0,0.0,6.089824676513672,-6.34164571762085,-2.2109501361846924
49974,-134.21765789407283,0.0,0.0,6.343254089355469,-6.704839706420898,-2.3425400257110596
49994,-142.3930761272741,0.0,0.0,5.960394382476807,-7.5623779296875,-2.4852280616760254
50014,-151.11352224268882,0.0,0.0,5.98000431060791,-7.925671577453613,-2.6374285221099854
50034,-160.19732027957912,0.0,0.0,6.863768577575684,-8.277690887451172,-2.795970916748047
50054,-169.55363225757614,0.0,0.0,6.196889877319336,-8.990707397460938,-2.9592692852020264
50074,-179.00078221594205,0.0,0.0,6.063840389251709,-8.04403018951416,-3.124152898788452
50094,171.99717392949964,0.0,0.0,5.948653697967529,-8.04412841796875,3.0019171237945557
50114,162.1866720496581,0.0,0.0,6.3784332275390625,-7.965301513671875,2.8306915760040283
50134,153.19371199313667,0.0,0.0,6.225499629974365,-7.914563179016113,2.673734664916992
50154,144.5641038580909,0.0,0.0,5.9412841796875,-7.563447952270508,2.5231196880340576
50174,136.47952360525852,0.0,0.0,5.765814304351807,-7.443619728088379,2.382017135620117
50194,129.03080921500845,0.0,0.0,5.700532913208008,-6.34178352355957,2.2520124912261963
50214,122.30879866770965,0.0,0.0,5.4530792236328125,-5.948515892028809,2.1346914768218994
50234,116.31349196336203,0.0,0.0,5.543866157531738,-4.769017696380615,2.0300533771514893
50254,111.13572708233454,0.0,0.0,5.241254806518555,-4.393004417419434,1.9396843910217285
50274,106.7755040246272,0.0,0.0,5.357187271118164,-3.2878522872924805,1.863584280014038
50294,103.23282279024,0.0,0.0,5.336977005004883,-3.132641315460205,1.8017526865005493
50314,100.59852135954179,0.0,0.0,5.102565288543701,-2.6607000827789307,1.7557754516601562
50334,98.87259973253259,0.0,0.0,5.135385513305664,-1.5472807884216309,1.7256524562835693
50354,98.05505790921251,0.0,0.0,5.080138683319092,-0.11999787390232086,1.7113837003707886
50374,98.05505790921251,0.0,0.0,5.119043827056885,0.3505503833293915,1.7113837003707886
50394,98.96343771290151,0.0,0.0,5.0977067947387695,1.4651343822479248,1.7272379398345947
50414,100.68935933991071,0.0,0.0,5.0810546875,1.623701572418213,1.7573610544204712
50434,103.32366077060885,0.0,0.0,5.069598197937012,2.806220531463623,1.8033381700515747
50454,106.7755040246272,0.0,0.0,5.139281272888184,3.1709325313568115,1.863584280014038
50474,111.04488910196562,0.0,0.0,5.317789077758789,3.5642037391662598,1.9380990266799927
50494,116.13181600262419,0.0,0.0,5.309540748596191,4.743758678436279,2.0268826484680176
50514,122.0362847266029,0.0,0.0,5.54149866104126,5.120748519897461,2.1299350261688232
50534,128.66745729353283,0.0,0.0,5.670868873596191,6.302097320556641,2.245670795440674
50554,135.93449572304507,0.0,0.0,5.668906211853027,6.457327842712402,2.372504472732544
50574,143.74656203477076,0.0,0.0,5.165482044219971,6.471505641937256,2.5088510513305664
50594,152.19449420907875,0.0,0.0,5.473966598510742,7.809648513793945,2.656294822692871
50614,160.91494032449344,0.0,0.0,5.874076843261719,7.914562702178955,2.8084957599639893
50634,169.9987383613838,0.0,0.0,6.596762657165527,8.268962860107422,2.9670376777648926
50654,179.0825363982741,0.0,0.0,5.8993635177612305,7.9270782470703125,3.125579833984375
50674,-171.7337437864298,0.0,0.0,5.750617980957031,7.926970958709717,-2.997319459915161
50694,-162.7407837299084,0.0,0.0,5.829917907714844,7.922968864440918,-2.840362548828125
50714,-154.0203376144937,0.0,0.0,5.370100021362305,7.572401523590088,-2.688162088394165
50734,-145.75408140092352,0.0,0.0,5.959197998046875,6.735190391540527,-2.543888568878174
50754,-137.94201508919787,0.0,0.0,5.821004390716553,6.692666530609131,-2.4075424671173096
50774,-130.8566526204234,0.0,0.0,5.611724376678467,5.278050422668457,-2.283879518508911
50794,-124.40715601423128,0.0,0.0,5.403519630432129,5.1208882331848145,-2.1713147163391113
50814,-118.9568771920971,0.0,0.0,5.118687629699707,4.756302833557129,-2.0761892795562744
50834,-113.77911231106961,0.0,0.0,5.127481937408447,4.626595497131348,-1.9858201742172241
50854,-109.78224117483788,0.0,0.0,5.002859592437744,3.172304153442383,-1.916061520576477
50874,-106.60291186192627,0.0,0.0,4.753591537475586,2.7807319164276123,-1.8605717420578003
50894,-104.33196235270368,0.0,0.0,4.754738807678223,1.5859326124191284,-1.8209362030029297
50914,-102.87855466680124,0.0,0.0,4.670438766479492,0.4836274981498718,-1.7955695390701294
50934,-102.33352678458782,0.0,0.0,4.638100624084473,0.012748167850077152,-1.7860569953918457
50954,-102.69687870606343,0.0,0.0,4.641164779663086,-1.101743459701538,-1.7923986911773682
50974,-103.87777245085917,0.0,0.0,4.683335304260254,-1.5467398166656494,-1.8130091428756714
50994,-105.96704599934395,0.0,0.0,4.598433017730713,-2.686282157897949,-1.8494739532470703
51014,-108.78302339077995,0.0,0.0,4.753769397735596,-3.050786256790161,-1.898621916770935
51034,-112.41654260553607,0.0,0.0,4.6597747802734375,-3.175055980682373,-1.9620388746261597
51054,-116.95844162398123,0.0,0.0,4.763171195983887,-4.635881423950195,-2.0413098335266113
51074,-122.1362065050087,0.0,0.0,4.777167320251465,-4.7562642097473145,-2.131679058074951
51094,-128.04067522898742,0.0,0.0,5.031916618347168,-5.120872497558594,-2.234731435775757
51114,-134.67184779591733,0.0,0.0,5.255520820617676,-6.301989555358887,-2.3504672050476074
51134,-141.84804824506068,0.0,0.0,5.115811347961426,-6.379856109619141,-2.4757156372070312
51154,-149.56927657641745,0.0,0.0,4.746682643890381,-7.443371295928955,-2.61047625541687
51174,-157.65385682924983,0.0,0.0,4.672950744628906,-6.8220624923706055,-2.7515790462493896
51194,-166.10178900355783,0.0,0.0,4.9348907470703125,-7.807126045227051,-2.8990230560302734
51214,-174.73139713860363,0.0,0.0,5.072349548339844,-7.888527870178223,-3.049638271331787
51234,176.62991092831368,0.0,0.0,5.262020111083984,-7.81026029586792,3.082773447036743
51254,168.09114077363682,0.0,0.0,5.529808044433594,-6.825399398803711,2.933743953704834
51274,160.09739850117336,0.0,0.0,4.971417427062988,-6.822244644165039,2.79422664642334
51294,151.64946632686537,0.0,0.0,4.630274772644043,-6.462181091308594,2.646782398223877
51314,144.01907597587746,0.0,0.0,4.984902858734131,-6.345861434936523,2.5136070251464844
51334,136.93371350710305,0.0,0.0,4.878399848937988,-6.225717544555664,2.389944314956665
51354,130.4842169009109,0.0,0.0,5.0835161209106445,-5.146821975708008,2.277379274368286
51374,124.6705861573011,0.0,0.0,4.887298107147217,-4.760281085968018,2.175912380218506
51394,119.67449723701145,0.0,0.0,4.860119819641113,-3.6543848514556885,2.088714122772217
51414,115.40511215967297,0.0,0.0,4.4066596031188965,-3.2094433307647705,2.0141992568969727
51434,111.95326890565468,0.0,0.0,4.233299732208252,-2.807661771774292,1.9539532661437988
51454,109.31896747495648,0.0,0.0,4.3819122314453125,-1.9402697086334229,1.9079759120941162
51474,107.50220786757842,0.0,0.0,4.32008171081543,-1.572856068611145,1.8762675523757935
51494,106.59382806388936,0.0,0.0,4.22247838973999,-1.1019883155822754,1.8604133129119873
51514,106.5029900835205,0.0,0.0,4.216114044189453,-2.127012699304487e-08,1.858827829360962
51534,107.32053190684059,0.0,0.0,4.181892395019531,1.192091464996338,1.8730967044830322
51554,108.95561555348087,0.0,0.0,4.216360092163086,1.5853803157806396,1.9016342163085938
51574,111.40824102344124,0.0,0.0,4.160953044891357,2.77650785446167,1.9444407224655151
51594,114.67840831672174,0.0,0.0,4.322497367858887,3.1703453063964844,2.0015158653259277
51614,118.76611743332239,0.0,0.0,4.241959571838379,4.352902412414551,2.072859764099121
51634,123.58053039287427,0.0,0.0,4.395066261291504,4.74335241317749,2.1568870544433594
51654,129.03080921500845,0.0,0.0,4.350455284118652,4.768815517425537,2.2520124912261963
51674,135.29862986046277,0.0,0.0,4.2647857666015625,5.976663112640381,2.3614065647125244
51694,142.11147838813054,0.0,0.0,4.771871566772461,6.340310573577881,2.480313301086426
51714,149.37851681764278,0.0,0.0,4.596508502960205,6.345836639404297,2.607146978378296
51734,157.1905831293684,0.0,0.0,4.512060165405273,7.523820877075195,2.7434933185577393
51754,165.2751633822008,0.0,0.0,4.426333427429199,7.56197452545166,2.8845956325531006
51774,173.541419595771,0.0,0.0,4.270668983459473,7.56233024597168,3.0288689136505127
51794,-178.09240241225302,0.0,0.0,4.215239524841309,7.563702583312988,-3.1082990169525146
51814,-169.82614619868286,0.0,0.0,4.707352638244629,6.7360687255859375,-2.9640254974365234
51834,-161.65072796548156,0.0,0.0,4.663252353668213,7.5243024826049805,-2.8213374614715576
51854,-153.8386616537559,0.0,0.0,5.0526227951049805,6.696341037750244,-2.6849913597106934
51874,-146.48078524387475,0.0,0.0,4.649195671081543,6.341548919677734,-2.556572198867798
51894,-139.5770987358381,0.0,0.0,4.187648773193359,5.978094100952148,-2.436079978942871
51914,-133.3092780903838,0.0,0.0,4.141007423400879,4.876526355743408,-2.326685905456543
51934,-127.6773233075118,0.0,0.0,4.216161727905273,4.756253242492676,-2.2283897399902344
51954,-122.77207236759102,0.0,0.0,4.047182083129883,4.39169454574585,-2.1427769660949707
51974,-118.68436325099039,0.0,0.0,4.090012550354004,3.2865846157073975,-2.0714330673217773
51994,-115.59587191844768,0.0,0.0,4.087132453918457,2.0700464248657227,-2.017528533935547
52014,-112.96157048774948,0.0,0.0,3.8921267986297607,1.7016260623931885,-1.9715512990951538
52034,-111.32648684110923,0.0,0.0,3.8829216957092285,1.4684810638427734,-1.9430136680603027
52054,-110.599782998158,0.0,0.0,3.8575387001037598,0.039599187672138214,-1.9303303956985474
52074,-110.69062097852691,0.0,0.0,3.8278870582580566,-1.0663509368896484,-1.9319157600402832
52094,-111.59900078221594,0.0,0.0,3.8364956378936768,-1.4650311470031738,-1.9477699995040894
52114,-113.3249224092251,0.0,0.0,3.878326892852783,-1.701134204864502,-1.9778931140899658
52134,-115.8683858595544,0.0,0.0,3.9148707389831543,-3.0410661697387695,-2.022284984588623
52154,-119.1385531528349,0.0,0.0,3.968050479888916,-3.1707377433776855,-2.079360008239746
52174,-123.13542428906663,0.0,0.0,3.770155429840088,-4.272588729858398,-2.149118661880493
52194,-127.8589992682496,0.0,0.0,3.8692092895507812,-4.63639497756958,-2.231560707092285
52214,-133.21844011001488,0.0,0.0,3.9531850814819336,-4.7562255859375,-2.3251004219055176
52234,-139.3045847947314,0.0,0.0,3.836944103240967,-5.9470086097717285,-2.431323528289795
52254,-145.8449193812924,0.0,0.0,3.9970109462738037,-6.224644660949707,-2.5454742908477783
52274,-152.83944386969796,0.0,0.0,4.246297836303711,-6.341364860534668,-2.6675517559051514
52294,-160.28815825994803,0.0,0.0,4.0835652351379395,-7.404302597045898,-2.797556161880493
52314,-167.9185486109359,0.0,0.0,4.563052177429199,-6.6962809562683105,-2.9307315349578857
52334,-175.73061492266154,0.0,0.0,4.435171604156494,-6.705296039581299,-3.067077875137329
52354,176.4482349675759,0.0,0.0,4.004078388214111,-6.3811869621276855,3.0796027183532715
52374,168.6361686558502,0.0,0.0,4.332324028015137,-6.458606243133545,2.9432566165924072
52394,161.00577830486236,0.0,0.0,4.669248580932617,-6.692230224609375,2.8100812435150146
52414,153.73873987535012,0.0,0.0,4.287202835083008,-6.341817855834961,2.6832470893859863
52434,146.92589134768235,0.0,0.0,4.09867000579834,-5.239988327026367,2.564340591430664
52454,140.47639474149025,0.0,0.0,3.9517288208007812,-5.938992500305176,2.451775550842285
52474,134.75360197824938,0.0,0.0,3.7821810245513916,-4.756366729736328,2.3518941402435303
52494,129.5758370972219,0.0,0.0,3.5943241119384766,-4.393216133117676,2.2615249156951904
52514,125.12477605914563,0.0,0.0,3.5651144981384277,-3.2912397384643555,2.1838393211364746
52534,121.4004188640206,0.0,0.0,3.4355616569519043,-2.8202402591705322,2.1188371181488037
52554,118.40276551184678,0.0,0.0,3.6600801944732666,-1.97996187210083,2.0665180683135986
52574,116.22265398299311,0.0,0.0,3.548936367034912,-1.5866916179656982,2.028468132019043
52594,114.86008427745958,0.0,0.0,3.58158540725708,-0.48361262679100037,2.0046865940093994
52614,114.31505639524613,0.0,0.0,3.491393566131592,-0.004208216443657875,1.9951741695404053
52634,114.49673235598397,0.0,0.0,3.466825485229492,0.11706211417913437,1.998345136642456
52654,115.49595014004188,0.0,0.0,3.446016311645508,1.2218519449234009,2.015784740447998
52674,117.40354772778886,0.0,0.0,3.465087890625,1.623635172843933,2.0490784645080566
52694,120.03784915848706,0.0,0.0,3.391181468963623,2.8062222003936768,2.0950558185577393
52714,123.39885443213649,0.0,0.0,3.434664726257324,3.1707816123962402,2.1537163257598877
52734,127.48656354873708,0.0,0.0,3.6887383460998535,4.272764682769775,2.22506046295166
52754,132.2101385279201,0.0,0.0,3.911458969116211,3.6811554431915283,2.307502508163452
52774,137.66041735005427,0.0,0.0,3.7127504348754883,4.768706321716309,2.402627468109131
52794,143.65572405440184,0.0,0.0,4.027623176574707,5.14930534362793,2.507265567779541
52814,150.105220660594,0.0,0.0,3.9885993003845215,5.239950656890869,2.61983060836792
52834,157.00890716863063,0.0,0.0,4.010705947875977,5.27908992767334,2.7403225898742676
52854,164.27594559814287,0.0,0.0,3.918977975845337,6.341440200805664,2.8671560287475586
52874,171.72465998839294,0.0,0.0,3.7752084732055664,6.343082427978516,2.9971609115600586
52894,179.3550503393808,0.0,0.0,4.356573581695557,6.693768501281738,3.1303365230560303
52914,-173.09631349196337,0.0,0.0,4.041315078735352,6.457637310028076,-3.0211005210876465
52934,-165.6475991017133,0.0,0.0,3.8456597328186035,7.403974533081055,-2.8910958766937256
52954,-158.8347505740456,0.0,0.0,3.8676483631134033,6.341767311096191,-2.7721893787384033
52974,-151.65855012490223,0.0,0.0,4.10795259475708,6.221688270568848,-2.6469411849975586
52994,-145.299891499079,0.0,0.0,4.144357681274414,5.14960241317749,-2.535961627960205
53014,-139.4862607554692,0.0,0.0,3.8192343711853027,4.756669998168945,-2.434494733810425
53034,-134.21765789407283,0.0,0.0,3.610910415649414,4.639300346374512,-2.3425400257110596
53054,-129.67575887562765,0.0,0.0,3.301578998565674,3.3004651069641113,-2.2632691860198975
53074,-125.76972571976484,0.0,0.0,3.2894484996795654,3.170924186706543,-2.1950957775115967
53094,-122.68123438722213,0.0,0.0,3.165505886077881,2.7777185440063477,-2.1411917209625244
53114,-120.31944689763064,0.0,0.0,3.12005615234375,2.6481683254241943,-2.099970579147339
53134,-118.8660392117282,0.0,0.0,3.1979622840881348,0.48456427454948425,-2.074603796005249
53154,-118.13933536877697,0.0,0.0,3.129364013671875,0.013101738877594471,-2.061920404434204
53174,-118.13933536877697,0.0,0.0,3.1170096397399902,-0.012595834210515022,-2.061920404434204
53194,-119.047715172466,0.0,0.0,3.1621251106262207,-1.4556041955947876,-2.0777745246887207
53214,-120.59196083873735,0.0,0.0,3.1513423919677734,-1.5852737426757812,-2.104726791381836
53234,-122.95374832832883,0.0,0.0,3.265749931335449,-1.9783157110214233,-2.1459476947784424
53254,-126.04223966087153,0.0,0.0,3.216503620147705,-3.1580517292022705,-2.199852228164673
53274,-129.76659685599657,0.0,0.0,3.478376865386963,-3.5217537879943848,-2.264854669570923
53294,-134.1268199137039,0.0,0.0,3.6359734535217285,-3.650106906890869,-2.340954542160034
53314,-139.1229088339936,0.0,0.0,3.350867986679077,-4.640544891357422,-2.4281530380249023
53334,-144.6640256364967,0.0,0.0,3.250002861022949,-4.768935680389404,-2.5248637199401855
53354,-150.7501703212132,0.0,0.0,3.380296468734741,-5.938374042510986,-2.631086826324463
53374,-157.1996669274053,0.0,0.0,3.4605300426483154,-6.221189022064209,-2.7436516284942627
53394,-163.92167747470415,0.0,0.0,3.7095553874969482,-6.303157806396484,-2.8609731197357178
53414,-170.82536398274078,0.0,0.0,3.1314656734466553,-5.990528583526611,-2.9814648628234863
53434,-177.91072645151522,0.0,0.0,3.2165372371673584,-6.226046562194824,-3.105128049850464
53454,174.99482728167345,0.0,0.0,3.3670456409454346,-6.303531646728516,3.0542359352111816
53474,168.0003027932679,0.0,0.0,3.4335899353027344,-6.2257585525512695,2.9321584701538086
53494,161.1874542656002,0.0,0.0,3.540424108505249,-6.221765518188477,2.8132519721984863
53514,154.73795765940804,0.0,0.0,3.252662420272827,-5.948322296142578,2.7006869316101074
53534,148.65181297469155,0.0,0.0,2.977139949798584,-5.831566333770752,2.594463586807251
53554,143.11069617218845,0.0,0.0,3.1048598289489746,-4.756104946136475,2.497753143310547
53574,138.0237692715299,0.0,0.0,3.2162513732910156,-4.392855644226074,2.4089694023132324
53594,133.57270823345362,0.0,0.0,3.375844717025757,-3.534440040588379,2.3312835693359375
53614,129.75751305795967,0.0,0.0,3.1207869052886963,-3.17105770111084,2.264695644378662
53634,126.669021725417,0.0,0.0,3.1166024208068848,-2.0660321712493896,2.21079158782959
53654,124.21639625545657,0.0,0.0,2.87953519821167,-2.651963233947754,2.167984962463379
53674,122.58131260881635,0.0,0.0,2.893336772918701,-1.4696505069732666,2.1394474506378174
53694,121.67293280512729,0.0,0.0,2.8683156967163086,-1.1019827127456665,2.123593330383301
53714,121.58209482475843,0.0,0.0,2.8251423835754395,0.11561492085456848,2.1220078468322754
53734,122.12712270697182,0.0,0.0,2.8700027465820312,0.3902520537376404,2.1315205097198486
53754,123.48969241250535,0.0,0.0,2.763455867767334,1.2347643375396729,2.155301809310913
53774,125.57896596099016,0.0,0.0,2.8000407218933105,1.7023775577545166,2.1917665004730225
53794,128.39494335242614,0.0,0.0,2.694049119949341,2.8071446418762207,2.2409145832061768
53814,131.84678660644448,0.0,0.0,2.82008957862854,3.1707987785339355,2.3011605739593506
53834,135.93449572304507,0.0,0.0,2.9609975814819336,3.2907767295837402,2.372504472732544
53854,140.6580707022281,0.0,0.0,3.218806743621826,3.6798839569091797,2.454946279525757
53874,145.92667356362443,0.0,0.0,3.1320009231567383,4.756176471710205,2.546900987625122
53894,151.64946632686537,0.0,0.0,3.068164825439453,4.872347354888916,2.646782398223877
53914,157.82644899195077,0.0,0.0,2.9182095527648926,5.947282314300537,2.754591226577759
53934,164.27594559814287,0.0,0.0,3.118618965148926,6.2126569747924805,2.8671560287475586
53954,170.9071181650728,0.0,0.0,2.7100954055786133,5.978587627410889,2.9828922748565674
53974,177.7199666927405,0.0,0.0,2.9250783920288086,6.224772930145264,3.1017987728118896
53994,-175.45810098155485,0.0,0.0,3.2492733001708984,6.224742412567139,-3.062321662902832
54014,-168.736090434256,0.0,0.0,3.2906041145324707,6.221904754638672,-2.945000171661377
54034,-162.2865938280639,0.0,0.0,3.2121260166168213,5.14983606338501,-2.832435369491577
54054,-156.01877318260958,0.0,0.0,3.5289366245269775,5.146481990814209,-2.723041296005249
54074,-150.20514243899976,0.0,0.0,2.972114086151123,4.769110679626465,-2.6215741634368896
54094,-144.93653957760338,0.0,0.0,2.5080623626708984,4.290110111236572,-2.5296199321746826
54114,-140.12212661805154,0.0,0.0,2.948518753051758,3.565171718597412,-2.4455926418304443
54134,-135.85274154071308,0.0,0.0,2.99253511428833,3.5228734016418457,-2.371077537536621
54154,-132.31006030632585,0.0,0.0,3.0092873573303223,2.108710765838623,-2.309246063232422
54174,-129.40324493452096,0.0,0.0,2.8891172409057617,1.9787564277648926,-2.2585127353668213
54194,-127.22313340566728,0.0,0.0,2.638559103012085,1.5857603549957275,-2.2204627990722656
54214,-125.76972571976484,0.0,0.0,2.5340499877929688,1.2223269939422607,-2.1950957775115967
54234,-125.1338598571825,0.0,0.0,2.5059337615966797,0.03959791734814644,-2.183997869491577
54254,-125.22469783755142,0.0,0.0,2.5024049282073975,-1.0664304494857788,-2.1855833530426025
54274,-125.95140168050264,0.0,0.0,2.5846009254455566,-0.4803198277950287,-2.1982667446136475
54294,-127.49564734677398,0.0,0.0,2.557422161102295,-1.5851600170135498,-2.2252187728881836
54314,-129.67575887562765,0.0,0.0,2.6736745834350586,-1.9491870403289795,-2.2632691860198975
54334,-132.49173626706366,0.0,0.0,2.6642720699310303,-2.094597339630127,-2.3124170303344727
54354,-136.0344175014509,0.0,0.0,2.627141237258911,-4.232872486114502,-2.374248504638672
54374,-140.03128863768262,0.0,0.0,2.832533597946167,-3.5342040061950684,-2.444007158279419
54394,-144.6640256364967,0.0,0.0,2.4565768241882324,-4.392716407775879,-2.5248637199401855
54414,-149.75095253715526,0.0,0.0,2.579002857208252,-4.752098560333252,-2.613647222518921
54434,-155.20123135928944,0.0,0.0,2.618800640106201,-4.756352424621582,-2.708772659301758
54454,-160.74234816179253,0.0,0.0,2.5950324535369873,-4.795129776000977,-2.80548357963562
54474,-167.19184476798466,0.0,0.0,3.1179280281066895,-5.1467084884643555,-2.91804838180542
54494,-173.45966541343898,0.0,0.0,3.0112545490264893,-5.149688720703125,-3.027442455291748
54514,-179.8183240392622,0.0,0.0,3.1440863609313965,-5.149726867675781,-3.1384220123291016
54534,173.8139335368777,0.0,0.0,2.673414468765259,-5.861230373382568,3.033625602722168
54554,167.6369508717923,0.0,0.0,2.528372287750244,-4.876644134521484,2.925816774368286
54574,161.5508061870758,0.0,0.0,2.636080265045166,-5.831439018249512,2.819593667984009
54594,155.82801342383488,0.0,0.0,3.042417526245117,-5.106784343719482,2.719712018966675
54614,150.55941056243853,0.0,0.0,2.4197301864624023,-3.6939074993133545,2.6277575492858887
54634,145.65415962251774,0.0,0.0,2.7320303916931152,-3.65150785446167,2.542144775390625
54654,141.2939365648104,0.0,0.0,2.417081832885742,-3.2910711765289307,2.4660441875457764
54674,137.47874138931644,0.0,0.0,2.4083914756774902,-3.170799970626831,2.399456739425659
54694,134.20857409603593,0.0,0.0,2.465207576751709,-3.050851345062256,2.342381477355957
54714,131.66511064570665,0.0,0.0,2.479806423187256,-1.948996901512146,2.297989845275879
54734,129.75751305795967,0.0,0.0,2.3616151809692383,-1.585636854171753,2.264695644378662
54754,128.57661931316392,0.0,0.0,2.3852434158325195,-0.4804075360298157,2.2440853118896484
54774,128.12242941131944,0.0,0.0,2.2822065353393555,-0.0013887681998312473,2.2361583709716797
54794,128.30410537205722,0.0,0.0,2.2580204010009766,1.0747281312942505,2.2393290996551514
54814,129.12164719537736,0.0,0.0,2.303262948989868,0.48034772276878357,2.2535977363586426
54834,130.66589286164873,0.0,0.0,2.294806957244873,1.5813236236572266,2.280550241470337
54854,132.93684237087132,0.0,0.0,2.4161975383758545,1.949034571647644,2.320185661315918
54874,135.7528197623073,0.0,0.0,2.1667604446411133,2.0690670013427734,2.3693337440490723
54894,139.20466301632558,0.0,0.0,2.330904483795166,3.1708426475524902,2.429579734802246
54914,143.29237213292623,0.0,0.0,2.54325008392334,4.272778511047363,2.5009238719940186
54934,147.7434331710025,0.0,0.0,2.5072386264801025,3.573721170425415,2.5786094665527344
54954,152.7395220912922,0.0,0.0,2.4619193077087402,4.640002250671387,2.6658074855804443
54974,158.09896293305746,0.0,0.0,2.4941720962524414,4.756373405456543,2.759347677230835
54994,163.82175569629834,0.0,0.0,2.3643240928649902,5.8189873695373535,2.85922908782959
55014,169.72622442027705,0.0,0.0,2.482542037963867,5.831678867340088,2.9622817039489746
55034,175.72153112462468,0.0,0.0,2.5945231914520264,4.876126766204834,3.0669193267822266
55054,-178.18324039262194,0.0,0.0,2.6233863830566406,4.87650203704834,-3.109884262084961
55074,-172.09709570790542,0.0,0.0,2.76579213142395,5.11982536315918,-3.0036611557006836
55094,-166.19262698392671,0.0,0.0,2.492964267730713,5.1081695556640625,-2.900608539581299
55114,-160.56067220105473,0.0,0.0,2.3761463165283203,4.756802558898926,-2.8023123741149902
55134,-155.20123135928944,0.0,0.0,2.4872725009918213,4.752056121826172,-2.708772659301758
55154,-150.29598041936868,0.0,0.0,2.6167781352996826,3.654625654220581,-2.623159646987915
55174,-145.8449193812924,0.0,0.0,2.2397541999816895,3.2910566329956055,-2.5454742908477783
55194,-141.84804824506068,0.0,0.0,2.330620288848877,3.1833534240722656,-2.4757156372070312
55214,-138.48704297141126,0.0,0.0,2.2219364643096924,3.0537612438201904,-2.4170548915863037
55234,-135.76190356034417,0.0,0.0,2.193026542663574,1.9500089883804321,-2.369492292404175
55254,-133.6726300118594,0.0,0.0,2.061553478240967,1.5856049060821533,-2.3330273628234863
55274,-132.31006030632585,0.0,0.0,2.0373146533966064,0.4836585521697998,-2.309246063232422
55294,-131.4925184830057,0.0,0.0,2.020271062850952,0.11999368667602539,-2.2949774265289307
55314,-131.40168050263682,0.0,0.0,2.0001089572906494,6.960942933176284e-09,-2.2933921813964844
55334,-132.03754636521916,0.0,0.0,2.056547164916992,-0.3930845260620117,-2.304490089416504
55354,-133.3092780903838,0.0,0.0,2.0744991302490234,-0.5218032598495483,-2.326685905456543
55374,-135.21687567813075,0.0,0.0,1.9981751441955566,-1.5980634689331055,-2.3599798679351807
55394,-137.76033912846003,0.0,0.0,1.939119815826416,-2.77744197845459,-2.404371738433838
55414,-140.84883046100276,0.0,0.0,2.0278050899505615,-3.1324574947357178,-2.45827579498291
55434,-144.20983573465216,0.0,0.0,2.0777382850646973,-3.1708920001983643,-2.5169365406036377
55454,-148.5700587923595,0.0,0.0,1.9298644065856934,-4.272507667541504,-2.593036651611328
55474,-153.11195781080468,0.0,0.0,2.3819823265075684,-4.626423358917236,-2.6723077297210693
55494,-158.01720875072544,0.0,0.0,2.219376564025879,-4.7177510261535645,-2.757920742034912
55514,-163.19497363175293,0.0,0.0,2.26792049407959,-4.752214431762695,-2.848289728164673
55534,-168.6452524538871,0.0,0.0,2.200270652770996,-4.75624942779541,-2.9434149265289307
55554,-174.2772072367591,0.0,0.0,2.1623647212982178,-4.794284820556641,-3.0417110919952393
55574,-179.90916201963108,0.0,0.0,2.083414077758789,-4.760642051696777,-3.140007495880127
55594,174.35896141909114,0.0,0.0,2.0617141723632812,-5.818614959716797,3.043138027191162
55614,168.81784461658805,0.0,0.0,2.1265933513641357,-4.769081115722656,2.9464271068573
55634,163.45840377482273,0.0,0.0,2.2093300819396973,-4.756257057189941,2.8528873920440674
55654,158.37147687416416,0.0,0.0,2.2382144927978516,-4.717759609222412,2.764103651046753
55674,153.6479018949812,0.0,0.0,2.0401062965393066,-4.363217830657959,2.68166184425354
55694,149.28767883727386,0.0,0.0,1.862947702407837,-4.272769927978516,2.6055614948272705
55714,145.4724836617799,0.0,0.0,1.8877309560775757,-3.170764207839966,2.5389740467071533
55734,142.11147838813054,0.0,0.0,1.6691722869873047,-2.816075325012207,2.480313301086426
55754,139.2955009966945,0.0,0.0,1.9772155284881592,-1.9759970903396606,2.4311652183532715
55774,137.0245514874719,0.0,0.0,1.8895111083984375,-1.7013087272644043,2.3915295600891113
55794,135.38946784083168,0.0,0.0,1.89058518409729,-1.5727094411849976,2.36299204826355
55814,134.48108803714263,0.0,0.0,1.7963534593582153,-0.12981706857681274,2.347137928009033
55834,134.11773611566701,0.0,0.0,1.7888617515563965,-0.00014998315600678325,2.3407962322235107
55854,134.39025005677377,0.0,0.0,1.7820039987564087,1.074761152267456,2.3455522060394287
55874,135.29862986046277,0.0,0.0,1.826890230178833,1.455615758895874,2.3614065647125244
55894,136.84287552673413,0.0,0.0,1.8389675617218018,1.5853524208068848,2.3883588314056396
55914,138.9321490752189,0.0,0.0,1.7936427593231201,1.9399785995483398,2.42482328414917
55934,141.5664505059171,0.0,0.0,1.6740003824234009,1.988372802734375,2.4708008766174316
55954,144.8366177991976,0.0,0.0,1.9234848022460938,3.1668806076049805,2.527876138687134
55974,148.56097499432263,0.0,0.0,1.8445717096328735,4.2330193519592285,2.5928781032562256
55994,152.64868411092328,0.0,0.0,2.041219711303711,3.5344364643096924,2.664222240447998
56014,157.1905831293684,0.0,0.0,1.7451250553131104,4.362879753112793,2.7434933185577393
56034,162.0958340692892,0.0,0.0,2.126600742340088,4.716634273529053,2.829106092453003
56054,167.18276096994776,0.0,0.0,2.167464256286621,4.718172073364258,2.9178898334503174
56074,172.45136383134417,0.0,0.0,2.1143810749053955,4.75222635269165,3.0098443031311035
56094,177.90164265347835,0.0,0.0,2.063981533050537,4.756257057189941,3.1049695014953613
56114,-176.7298327067195,0.0,0.0,2.2990286350250244,4.756251335144043,-3.084517478942871
56134,-171.3703918649542,0.0,0.0,2.1405086517333984,4.7556891441345215,-2.9909777641296387
56154,-166.19262698392671,0.0,0.0,2.0274388790130615,4.640562057495117,-2.900608539581299
56174,-161.28737604400595,0.0,0.0,2.1687023639678955,3.6545066833496094,-2.814995765686035
56194,-156.65463904519189,0.0,0.0,2.1666808128356934,3.5642969608306885,-2.7341392040252686
56214,-152.38525396785346,0.0,0.0,1.8616602420806885,3.2905664443969727,-2.6596245765686035
56234,-148.5700587923595,0.0,0.0,1.9379627704620361,3.17091703414917,-2.593036651611328
56254,-145.2090535187101,0.0,0.0,1.7781627178192139,3.0535778999328613,-2.534376382827759
56274,-142.3930761272741,0.0,0.0,1.5974966287612915,2.7775092124938965,-2.4852280616760254
56294,-140.21296459842043,0.0,0.0,1.5738362073898315,1.5896389484405518,-2.4471778869628906
56314,-138.57788095178017,0.0,0.0,1.5496801137924194,1.2343218326568604,-2.418640375137329
56334,-137.57866316772223,0.0,0.0,1.622436285018921,0.3646737337112427,-2.401200771331787
56354,-137.12447326587773,0.0,0.0,1.6330078840255737,0.3507530987262726,-2.39327335357666
56374,-137.39698720698442,0.0,0.0,1.6313138008117676,-0.3546566665172577,-2.3980298042297363
56394,-138.21452903030456,0.0,0.0,1.5538564920425415,-1.1948761940002441,-2.4122986793518066
56414,-139.5770987358381,0.0,0.0,1.5049431324005127,-1.234636902809143,-2.436079978942871
56434,-141.575534303954,0.0,0.0,1.7248997688293457,-1.9359757900238037,-2.470959186553955
56454,-144.02815977391435,0.0,0.0,1.5366952419281006,-1.97835111618042,-2.513765573501587
56474,-147.02581312608817,0.0,0.0,1.411585807800293,-2.816044807434082,-2.566084623336792
56494,-150.47765638010648,0.0,0.0,1.5856345891952515,-3.1710503101348877,-2.626330852508545
56514,-154.2928515556004,0.0,0.0,1.574930191040039,-3.2090935707092285,-2.692918300628662
56534,-158.56223663293886,0.0,0.0,1.70027494430542,-4.353158473968506,-2.7674331665039062
56554,-163.01329767101512,0.0,0.0,1.9249048233032227,-3.5642967224121094,-2.845118999481201
56574,-167.82771063056697,0.0,0.0,1.9493448734283447,-4.636263847351074,-2.9291462898254395
56594,-172.46044762938104,0.0,0.0,1.986558437347412,-4.40139102935791,-3.010002613067627
56614,-177.7290504907774,0.0,0.0,1.6538619995117188,-4.639097213745117,-3.101957082748413
56634,177.26577679089604,0.0,0.0,1.5104472637176514,-4.401657581329346,3.0938713550567627
56654,172.26968787060633,0.0,0.0,1.7607965469360352,-4.636511325836182,3.0066730976104736
56674,167.45527491105446,0.0,0.0,1.5636659860610962,-4.391580104827881,2.9226460456848145
56694,162.82253791224042,0.0,0.0,1.4374711513519287,-4.3628411293029785,2.841789484024048
56714,158.553152834902,0.0,0.0,1.5552419424057007,-3.2107560634613037,2.7672743797302246
56734,154.73795765940804,0.0,0.0,1.578052043914795,-3.1721763610839844,2.7006869316101074
56754,150.92276248391414,0.0,0.0,1.5795702934265137,-3.1581871509552,2.634099245071411
56774,147.7434331710025,0.0,0.0,1.4219536781311035,-2.8072898387908936,2.5786094665527344
56794,145.1091317403043,0.0,0.0,1.4759503602981567,-1.7142291069030762,2.5326321125030518
56814,142.92902021145062,0.0,0.0,1.440171480178833,-1.586890459060669,2.494581937789917
56834,141.2939365648104,0.0,0.0,1.4387277364730835,-1.4695067405700684,2.4660441875457764
56854,140.20388080038356,0.0,0.0,1.409684658050537,-1.1919351816177368,2.447019577026367
56874,139.74969089853903,0.0,0.0,1.3976200819015503,-0.012646976858377457,2.4390923976898193
56894,139.84052887890795,0.0,0.0,1.3961427211761475,1.0621633529663086,2.4406776428222656
56914,140.47639474149025,0.0,0.0,1.378706455230713,1.1918147802352905,2.451775550842285
56934,141.657288486286,0.0,0.0,1.4419492483139038,1.546678900718689,2.472386121749878
56954,143.38321011329515,0.0,0.0,1.6219772100448608,1.935821771621704,2.502509117126465
56974,145.56332164214882,0.0,0.0,1.577101707458496,1.9402155876159668,2.5405592918395996
56994,148.28846105321594,0.0,0.0,1.3440017700195312,2.7778615951538086,2.5881221294403076
57014,151.46779036612753,0.0,0.0,1.4967849254608154,3.1324613094329834,2.6436116695404053
57034,155.01047160051473,0.0,0.0,1.4919750690460205,3.170760154724121,2.7054431438446045
57054,158.73482879563977,0.0,0.0,1.4380710124969482,3.209378242492676,2.7704455852508545
57074,163.18588983371603,0.0,0.0,1.6580932140350342,3.5352492332458496,2.848130941390991
57094,167.6369508717923,0.0,0.0,1.8016177415847778,3.5641062259674072,2.925816774368286
57114,172.36052585097525,0.0,0.0,1.6471606492996216,4.627597808837891,3.008258819580078
57134,177.0841008301582,0.0,0.0,1.7149288654327393,4.62770938873291,3.09070086479187
57154,-178.18324039262194,0.0,0.0,1.6812151670455933,3.6515543460845947,-3.109884262084961
57174,-173.45966541343898,0.0,0.0,1.7336928844451904,3.5651373863220215,-3.027442455291748
57194,-168.82692841462492,0.0,0.0,1.6464307308197021,3.564108371734619,-2.9465861320495605
57214,-164.37586737654865,0.0,0.0,1.3265557289123535,4.2754130363464355,-2.8689002990722656
57234,-160.28815825994803,0.0,0.0,1.4665522575378418,3.2094287872314453,-2.797556161880493
57254,-156.47296308445408,0.0,0.0,1.4417095184326172,3.1707983016967773,-2.730968475341797
57274,-153.02111983043577,0.0,0.0,1.495758295059204,2.1071548461914062,-2.670722484588623
57294,-150.11430445863087,0.0,0.0,1.4597152471542358,2.0660793781280518,-2.6199889183044434
57314,-147.38916504756378,0.0,0.0,1.294490933418274,2.6874942779541016,-2.5724260807037354
57334,-145.3907294794479,0.0,0.0,1.3600653409957886,1.5854835510253906,-2.5375468730926514
57354,-143.84648381317655,0.0,0.0,1.192948579788208,1.2307567596435547,-2.5105948448181152
57374,-142.84726602911863,0.0,0.0,1.1964842081069946,1.1912049055099487,-2.493155002593994
57394,-142.483914107643,0.0,0.0,1.2093241214752197,0.0041737183928489685,-2.486813545227051
57414,-142.5747520880119,0.0,0.0,1.2125539779663086,-0.012597731314599514,-2.488399028778076
57434,-143.30145593096313,0.0,0.0,1.2519084215164185,-0.3933475613594055,-2.501082181930542
57454,-144.48234967575888,0.0,0.0,1.2446624040603638,-1.2221624851226807,-2.5216927528381348
57474,-146.20827130276803,0.0,0.0,1.240980625152588,-1.5853193998336792,-2.5518157482147217
57494,-148.3883828316217,0.0,0.0,1.3593244552612305,-1.9401912689208984,-2.5898659229278564
57514,-151.0226842623199,0.0,0.0,1.1783697605133057,-2.7775542736053467,-2.635843276977539
57534,-154.0203376144937,0.0,0.0,1.2157477140426636,-3.050807237625122,-2.688162088394165
57554,-157.3813428881431,0.0,0.0,1.2325862646102905,-3.055333137512207,-2.7468228340148926
57574,-161.10570008326815,0.0,0.0,1.2463563680648804,-3.171164035797119,-2.8118247985839844
57594,-165.10257121949988,0.0,0.0,1.516185998916626,-3.5255560874938965,-2.8815836906433105
57614,-169.28111831646942,0.0,0.0,1.5650453567504883,-3.559906005859375,-2.95451283454895
57634,-173.6413413741768,0.0,0.0,1.2718771696090698,-4.353366851806641,-3.0306131839752197
57654,-178.00156443188413,0.0,0.0,1.4618475437164307,-3.564058780670166,-3.1067135334014893
57674,177.53829073200274,0.0,0.0,1.2159066200256348,-4.353364944458008,3.098627805709839
57694,173.4505816154021,0.0,0.0,1.1066912412643433,-3.534658193588257,3.0272836685180664
57714,168.99952057732582,0.0,0.0,1.325948715209961,-3.2908878326416016,2.9495980739593506
57734,164.91181146072518,0.0,0.0,1.5564031600952148,-3.5227103233337402,2.8782541751861572
57754,161.09661628523128,0.0,0.0,1.3255324363708496,-3.208958387374878,2.811666488647461
57774,157.64477303121294,0.0,0.0,1.178644061088562,-3.0550806522369385,2.751420497894287
57794,154.64711967903912,0.0,0.0,1.1967072486877441,-2.0954222679138184,2.699101686477661
57814,151.74030430723423,0.0,0.0,1.2972781658172607,-1.9788031578063965,2.6483681201934814
57834,149.37851681764278,0.0,0.0,1.3255317211151123,-2.6519429683685303,2.607146978378296
57854,147.56175721026472,0.0,0.0,1.1738061904907227,-1.585374355316162,2.5754384994506836
57874,146.19918750473113,0.0,0.0,1.0402125120162964,-1.1962981224060059,2.551657199859619
57894,145.29080770104213,0.0,0.0,1.0407414436340332,-1.1049329042434692,2.5358028411865234
57914,144.92745577956651,0.0,0.0,1.0597114562988281,-0.038218703120946884,2.52946138381958
57934,145.1091317403043,0.0,0.0,1.1120505332946777,0.3510030508041382,2.5326321125030518
57954,145.74499760288666,0.0,0.0,1.0592719316482544,1.1825816631317139,2.5437302589416504
57974,146.8350533673135,0.0,0.0,1.13258957862854,0.510054886341095,2.5627551078796387
57994,148.47013701395372,0.0,0.0,1.1190049648284912,1.5853924751281738,2.5912928581237793
58014,150.3777346017007,0.0,0.0,1.1385607719421387,1.5979104042053223,2.624586582183838
58034,153.0120360323989,0.0,0.0,1.0060886144638062,2.768043041229248,2.6705639362335205
58054,155.82801342383488,0.0,0.0,1.281808614730835,2.06606388092041,2.719712018966675
58074,159.09818071711538,0.0,0.0,1.282649040222168,3.158115863800049,2.776787042617798
58094,162.55002397113373,0.0,0.0,1.2166661024093628,3.166590690612793,2.8370330333709717
58114,166.36521914662762,0.0,0.0,1.1572667360305786,3.2091336250305176,2.903621196746826
58134,170.2712523024905,0.0,0.0,1.047349214553833,3.1833486557006836,2.9717938899993896
58154,174.44979939946,0.0,0.0,1.1827465295791626,4.2718048095703125,3.0447235107421875
58174,178.53750851606065,0.0,0.0,1.030959129333496,3.2103235721588135,3.116067409515381
58194,-177.2748605889329,0.0,0.0,0.9804468750953674,3.210444450378418,-3.0940301418304443
58214,-173.09631349196337,0.0,0.0,1.0128388404846191,4.245962142944336,-3.0211005210876465
58234,-169.0994423557316,0.0,0.0,1.1807174682617188,4.2372212409973145,-2.9513421058654785
58254,-165.3750851606066,0.0,0.0,1.279395580291748,3.1708943843841553,-2.8863399028778076
58274,-161.83240392621937,0.0,0.0,0.9488180875778198,2.820237159729004,-2.8245084285736084
58294,-158.56223663293886,0.0,0.0,0.9473466277122498,2.816047430038452,-2.7674331665039062
58314,-155.65542126113397,0.0,0.0,0.9632160663604736,2.7773988246917725,-2.7166998386383057
58334,-153.11195781080468,0.0,0.0,0.8964911699295044,2.6873481273651123,-2.6723077297210693
58354,-151.0226842623199,0.0,0.0,1.0910893678665161,1.9358727931976318,-2.635843276977539
58374,-149.38760061567964,0.0,0.0,1.0362324714660645,1.5728328227996826,-2.6073055267333984
58394,-148.2975448512528,0.0,0.0,1.0083215236663818,0.39437317848205566,-2.58828067779541
58414,-147.57084100830158,0.0,0.0,0.9360828399658203,1.0753405094146729,-2.5755972862243652
58434,-147.48000302793267,0.0,0.0,0.926201343536377,6.393345586275245e-08,-2.5740115642547607
58454,-147.7525169690394,0.0,0.0,0.9682100415229797,-0.3546711802482605,-2.578768014907837
58474,-148.5700587923595,0.0,0.0,0.9094852209091187,-1.1919310092926025,-2.593036651611328
58494,-149.75095253715526,0.0,0.0,0.884976863861084,-1.5723981857299805,-2.613647222518921
58514,-151.47687416416443,0.0,0.0,0.9556517601013184,-1.5854287147521973,-2.643770217895508
58534,-153.56614771264918,0.0,0.0,0.8946712017059326,-2.6602091789245605,-2.680234909057617
58554,-156.01877318260958,0.0,0.0,1.0326344966888428,-2.7763285636901855,-2.723041296005249
58574,-158.74391259367667,0.0,0.0,0.9388964772224426,-2.0656538009643555,-2.770603895187378
58594,-161.83240392621937,0.0,0.0,0.8456925749778748,-2.1043176651000977,-2.8245084285736084
58614,-165.1934091998688,0.0,0.0,0.8934140205383301,-3.1326189041137695,-2.883168935775757
58634,-168.736090434256,0.0,0.0,0.952523410320282,-3.1707327365875244,-2.945000171661377
58654,-172.46044762938104,0.0,0.0,0.9642136096954346,-3.170785665512085,-3.010002613067627
58674,-176.27564280487496,0.0,0.0,0.9468661546707153,-3.1835083961486816,-3.0765905380249023
58694,179.90007822159424,0.0,0.0,0.9184960126876831,-3.277125120162964,3.1398489475250244
58714,175.99404506573137,0.0,0.0,0.9153134822845459,-4.233180999755859,3.0716755390167236
58734,172.26968787060633,0.0,0.0,0.9737133979797363,-3.209228992462158,3.0066730976104736
58754,168.72700663621913,0.0,0.0,0.9859204292297363,-3.158238649368286,2.9448418617248535
58774,165.2751633822008,0.0,0.0,1.0242457389831543,-3.132753610610962,2.8845956325531006
58794,162.0958340692892,0.0,0.0,1.0185587406158447,-3.0509026050567627,2.829106092453003
58814,159.1890186974843,0.0,0.0,0.806032121181488,-2.8061118125915527,2.7783727645874023
58834,156.64555524715502,0.0,0.0,0.8505417108535767,-2.6871862411499023,2.733980894088745
58854,154.46544371830134,0.0,0.0,0.8632300496101379,-1.7013444900512695,2.6959304809570312
58874,152.7395220912922,0.0,0.0,0.8505399227142334,-1.5854814052581787,2.6658074855804443
58894,151.28611440538975,0.0,0.0,0.8955116271972656,-1.465333104133606,2.6404409408569336
58914,150.3777346017007,0.0,0.0,0.8632510900497437,-0.3902652859687805,2.624586582183838
58934,149.92354469985617,0.0,0.0,0.8079031705856323,-0.004207784775644541,2.61665940284729
58954,149.8327067194873,0.0,0.0,0.8025466203689575,-2.2911583741347386e-09,2.6150739192962646
58974,150.19605864096292,0.0,0.0,0.7932987213134766,0.1198708713054657,2.621415853500366
58994,151.10443844465192,0.0,0.0,0.8775508403778076,1.455611228942871,2.637269973754883
59014,152.28533218944767,0.0,0.0,0.8475717306137085,0.5104862451553345,2.6578805446624756
59034,154.01125381645682,0.0,0.0,0.8747518658638,1.6631317138671875,2.6880037784576416
59054,156.0096893845727,0.0,0.0,0.837965726852417,1.9363963603973389,2.7228827476501465
59074,158.37147687416416,0.0,0.0,0.9384260177612305,1.9754290580749512,2.764103651046753
59094,161.09661628523128,0.0,0.0,1.008658766746521,3.0410163402557373,2.811666488647461
59114,164.00343165703617,0.0,0.0,0.8044122457504272,2.8072926998138428,2.8624000549316406
59134,167.18276096994776,0.0,0.0,0.7419793009757996,2.81622576713562,2.9178898334503174
59154,170.5437662435972,0.0,0.0,0.9313490390777588,2.1086254119873047,2.976550340652466
59174,174.0864474779844,0.0,0.0,0.941412627696991,3.1703052520751953,3.038381576538086
59194,177.62912871237165,0.0,0.0,0.9101614952087402,3.158442258834839,3.1002132892608643
59214,-178.72826827483536,0.0,0.0,0.9068934917449951,3.170827865600586,-3.119396924972534
59234,-175.18558704044813,0.0,0.0,0.8423073291778564,3.08048939704895,-3.057565689086914
59254,-171.64290580606092,0.0,0.0,0.9297878742218018,3.1708626747131348,-2.9957337379455566
59274,-168.3727385127804,0.0,0.0,0.8916952610015869,3.0546445846557617,-2.9386587142944336
59294,-165.28424718023768,0.0,0.0,0.985205888748169,2.0691051483154297,-2.8847544193267822
59314,-162.3774318084328,0.0,0.0,0.7049670219421387,2.7775559425354004,-2.8340208530426025
59334,-159.8339683581035,0.0,0.0,0.6973469257354736,1.714099407196045,-2.7896292209625244
59354,-157.56301884888092,0.0,0.0,0.7111744284629822,1.6237547397613525,-2.7499935626983643
59374,-155.65542126113397,0.0,0.0,0.7286053895950317,1.585306167602539,-2.7166998386383057
59394,-154.20201357523152,0.0,0.0,0.7782917022705078,0.5105507373809814,-2.6913328170776367
59414,-153.11195781080468,0.0,0.0,0.7347596287727356,0.3934032917022705,-2.6723077297210693
59434,-152.38525396785346,0.0,0.0,0.7372695207595825,0.3635631501674652,-2.6596245765686035
59454,-152.20357800711565,0.0,0.0,0.7191541790962219,5.375170076149516e-06,-2.656453847885132
59474,-152.38525396785346,0.0,0.0,0.6870054006576538,-1.063645601272583,-2.6596245765686035
59494,-152.93028185006688,0.0,0.0,0.714847207069397,-0.3645174205303192,-2.6691370010375977
59514,-153.9294996341248,0.0,0.0,0.7615288496017456,-0.4806724190711975,-2.6865766048431396
59534,-155.29206933965835,0.0,0.0,0.7687039971351624,-0.5217645168304443,-2.710357904434204
59554,-157.0179909666675,0.0,0.0,0.6738710403442383,-1.585432767868042,-2.74048113822937
59574,-159.10726451515228,0.0,0.0,0.6970117688179016,-1.7016468048095703,-2.7769458293914795
59594,-161.46905200474376,0.0,0.0,0.6137215495109558,-2.6873459815979004,-2.818166732788086
59614,-163.92167747470415,0.0,0.0,0.6132787466049194,-2.767976760864258,-2.8609731197357178
59634,-166.91933082687794,0.0,0.0,0.7553046345710754,-3.041715145111084,-2.9132916927337646
59654,-169.91698417905175,0.0,0.0,0.5609821081161499,-2.8158774375915527,-2.9656107425689697
59674,-173.09631349196337,0.0,0.0,0.6957955956459045,-3.1321184635162354,-3.0211005210876465
59694,-176.36648078524388,0.0,0.0,0.8566827774047852,-3.1665337085723877,-3.0781757831573486
59714,-179.6366480785244,0.0,0.0,0.8812979459762573,-3.1580891609191895,-3.1352508068084717
59734,177.0841008301582,0.0,0.0,0.8538171052932739,-3.1322848796844482,3.09070086479187
59754,173.90477151724662,0.0,0.0,0.6410155892372131,-2.8160452842712402,3.0352108478546143
59774,170.81628018470388,0.0,0.0,0.7255556583404541,-2.069218158721924,2.981306552886963
59794,167.81862683253007,0.0,0.0,0.5589824914932251,-2.806217670440674,2.928987741470337
59814,165.093487421463,0.0,0.0,0.7990779876708984,-1.9789613485336304,2.881424903869629
59834,162.55002397113373,0.0,0.0,0.693311333656311,-2.687547206878662,2.8370330333709717
59854,160.36991244228005,0.0,0.0,0.6531054377555847,-1.7010880708694458,2.798983335494995
59874,158.46231485453308,0.0,0.0,0.6328538656234741,-1.585374355316162,2.7656891345977783
59894,156.9180691882617,0.0,0.0,0.663446307182312,-0.5190340876579285,2.738737106323242
59914,155.6463374630971,0.0,0.0,0.6628900766372681,-1.4568026065826416,2.716541051864624
59934,154.82879563977696,0.0,0.0,0.5821517705917358,-1.1018285751342773,2.702272415161133
59954,154.37460573793243,0.0,0.0,0.6093322038650513,-0.11612239480018616,2.694345235824585
59974,154.2837677575635,0.0,0.0,0.5896033644676208,-1.9294250819257286e-07,2.6927599906921387
59994,154.64711967903912,0.0,0.0,0.651157557964325,0.3519912660121918,2.699101686477661
60014,155.37382352199035,0.0,0.0,0.5814172029495239,1.1908974647521973,2.711784839630127
60034,156.37304130604832,0.0,0.0,0.6221367716789246,0.4835580885410309,2.729224681854248
60054,157.82644899195077,0.0,0.0,0.6480461359024048,1.5727828741073608,2.754591226577759
60074,159.5523706189599,0.0,0.0,0.620600163936615,1.5853191614151,2.7847142219543457
60094,161.5508061870758,0.0,0.0,0.6171915531158447,1.936164140701294,2.819593667984009
60114,163.82175569629834,0.0,0.0,0.7431039810180664,1.9402849674224854,2.85922908782959
60134,166.36521914662762,0.0,0.0,0.5782575607299805,2.768077850341797,2.903621196746826
60154,169.09035855769474,0.0,0.0,0.5985649228096008,2.806401252746582,2.951183795928955
60174,171.90633594913072,0.0,0.0,0.8249256610870361,2.0661704540252686,3.0003316402435303
60194,174.90398930130453,0.0,0.0,0.6297367811203003,2.807219982147217,3.0526506900787354
60214,177.81080467310943,0.0,0.0,0.675735592842102,3.050842046737671,3.103384017944336
60234,-179.00078221594205,0.0,0.0,0.5926324725151062,2.807572841644287,-3.124152898788452
60254,-176.00312886376827,0.0,0.0,0.6095104217529297,1.9914052486419678,-3.0718343257904053
60274,-173.00547551159445,0.0,0.0,0.4679846167564392,2.806190252304077,-3.0195152759552
60294,-170.18949812015848,0.0,0.0,0.5235721468925476,2.7774062156677246,-2.970367193222046
60314,-167.55519668946027,0.0,0.0,0.6609799861907959,1.9784590005874634,-2.9243900775909424
60334,-165.10257121949988,0.0,0.0,0.48760688304901123,2.6606507301330566,-2.8815836906433105
60354,-162.9224596906462,0.0,0.0,0.7067917585372925,1.9365888833999634,-2.8435332775115967
60374,-161.01486210289926,0.0,0.0,0.576148509979248,1.585343599319458,-2.810239553451538
60394,-159.4706164366279,0.0,0.0,0.5407094955444336,1.4696447849273682,-2.783287286758423
60414,-158.19888471146325,0.0,0.0,0.5612629652023315,1.4565801620483398,-2.761091470718384
60434,-157.29050490777422,0.0,0.0,0.5144211649894714,1.182603359222412,-2.745237350463867
60454,-156.7454770255608,0.0,0.0,0.48570892214775085,1.074863076210022,-2.735724925994873
60474,-156.563801064823,0.0,0.0,0.48528778553009033,0.038175005465745926,-2.732553720474243
60494,-156.7454770255608,0.0,0.0,0.48087936639785767,-0.004157897550612688,-2.735724925994873
60514,-157.29050490777422,0.0,0.0,0.498027503490448,-0.1287529617547989,-2.745237350463867
60534,-158.19888471146325,0.0,0.0,0.4576725363731384,-1.1920753717422485,-2.761091470718384
60554,-159.37977845625898,0.0,0.0,0.4788911044597626,-1.46832275390625,-2.7817020416259766
60574,-160.83318614216142,0.0,0.0,0.5364049673080444,-1.5727616548538208,-2.8070688247680664
60594,-162.5591077691706,0.0,0.0,0.5143338441848755,-1.585477352142334,-2.8371918201446533
60614,-164.55754333728646,0.0,0.0,0.4806228280067444,-1.5980167388916016,-2.8720710277557373
60634,-166.82849284650905,0.0,0.0,0.4495048224925995,-2.6606085300445557,-2.9117064476013184
60654,-169.19028033610053,0.0,0.0,0.5889323949813843,-1.9488801956176758,-2.952927350997925
60674,-171.7337437864298,0.0,0.0,0.6972671151161194,-1.9502078294754028,-2.997319459915161
60694,-174.4588831974969,0.0,0.0,0.46422433853149414,-2.7773537635803223,-3.044881820678711
60714,-177.184022608564,0.0,0.0,0.3886297941207886,-2.7773563861846924,-3.09244441986084
60734,-179.90916201963108,0.0,0.0,0.6220908164978027,-1.9789032936096191,-3.140007495880127
60754,177.26577679089604,0.0,0.0,0.43022453784942627,-2.7774622440338135,3.0938713550567627
60774,174.63147536019784,0.0,0.0,0.5563068389892578,-1.975832223892212,3.047894239425659
60794,171.99717392949964,0.0,0.0,0.39384087920188904,-2.6900553703308105,3.0019171237945557
60814,169.54454845953927,0.0,0.0,0.5754157900810242,-1.9489363431930542,2.959110736846924
60834,167.27359895031668,0.0,0.0,0.6202914118766785,-1.9372055530548096,2.9194753170013428
60854,165.18432540183193,0.0,0.0,0.6655178070068359,-1.9357285499572754,2.8830106258392334
60874,163.36756579445387,0.0,0.0,0.5122796297073364,-1.5853066444396973,2.851302146911621
60894,161.8233201281825,0.0,0.0,0.49421432614326477,-1.5470987558364868,2.824349880218506
60914,160.55158840301783,0.0,0.0,0.4328838288784027,-1.2218493223190308,2.8021538257598877
60934,159.64320859932883,0.0,0.0,0.46685200929641724,-0.36464065313339233,2.786299705505371
60954,159.00734273674647,0.0,0.0,0.4113020896911621,-0.03959256410598755,2.7752017974853516
60974,158.64399081527085,0.0,0.0,0.40485793352127075,-0.03819127380847931,2.768860101699829
60994,158.64399081527085,0.0,0.0,0.40433287620544434,-8.958665406733068e-12,2.768860101699829
61014,159.00734273674647,0.0,0.0,0.4268413782119751,0.11705868691205978,2.7752017974853516
61034,159.64320859932883,0.0,0.0,0.39561864733695984,0.12970049679279327,2.786299705505371
61054,160.64242638338675,0.0,0.0,0.39398258924484253,1.1951998472213745,2.803739309310913
61074,161.91415810855142,0.0,0.0,0.4692867398262024,1.5466772317886353,2.825935125350952
61094,163.36756579445387,0.0,0.0,0.4623427391052246,1.5474011898040771,2.851302146911621
61114,165.093487421463,0.0,0.0,0.41958844661712646,1.5853157043457031,2.881424903869629
61134,167.09192298957885,0.0,0.0,0.4519965350627899,1.700989007949829,2.916304111480713
61154,169.27203451843258,0.0,0.0,0.37446916103363037,2.6602935791015625,2.9543545246124268
61174,171.5429840276551,0.0,0.0,0.4260925054550171,2.6605026721954346,2.993990182876587
61194,173.90477151724662,0.0,0.0,0.4692399501800537,1.7053265571594238,3.0352108478546143
61214,176.4482349675759,0.0,0.0,0.4227111339569092,2.687281608581543,3.0796027183532715
61234,178.99169841790518,0.0,0.0,0.30604416131973267,2.6901051998138428,3.1239945888519287
61254,-178.45575433372863,0.0,0.0,0.33702874183654785,2.767885446548462,-3.114640712738037
61274,-176.09396684413716,0.0,0.0,0.34275609254837036,2.6874160766601562,-3.0734195709228516
61294,-173.55050339380787,0.0,0.0,0.3334696590900421,2.6606035232543945,-3.0290279388427734
61314,-171.2795538845853,0.0,0.0,0.36370396614074707,1.7023634910583496,-2.9893925189971924
61334,-169.0994423557316,0.0,0.0,0.34192535281181335,2.648061752319336,-2.9513421058654785
61354,-167.19184476798466,0.0,0.0,0.3862699866294861,1.585313081741333,-2.91804838180542
61374,-165.4659231409755,0.0,0.0,0.35670775175094604,1.4698598384857178,-2.887925148010254
61394,-163.92167747470415,0.0,0.0,0.41774851083755493,1.5470001697540283,-2.8609731197357178
61414,-162.7407837299084,0.0,0.0,0.33799517154693604,1.195319414138794,-2.840362548828125
61434,-161.83240392621937,0.0,0.0,0.3611244857311249,0.3646862208843231,-2.8245084285736084
61454,-161.19653806363704,0.0,0.0,0.327687531709671,0.11710499972105026,-2.8134102821350098
61474,-160.83318614216142,0.0,0.0,0.3251764178276062,0.012612171471118927,-2.8070688247680664
61494,-160.83318614216142,0.0,0.0,0.3278654217720032,-0.11566247045993805,-2.8070688247680664
61514,-161.10570008326815,0.0,0.0,0.33097732067108154,-1.0662767887115479,-2.8118247985839844
61534,-161.65072796548156,0.0,0.0,0.3844320774078369,-0.39009422063827515,-2.8213374614715576
61554,-162.4682697888017,0.0,0.0,0.40289753675460815,-0.40182918310165405,-2.835606336593628
61574,-163.55832555322854,0.0,0.0,0.30286240577697754,-1.22074294090271,-2.854631185531616
61594,-164.92089525876207,0.0,0.0,0.33754807710647583,-1.5473111867904663,-2.878412961959839
61614,-166.46514092503344,0.0,0.0,0.3805258870124817,-1.5849041938781738,-2.905364751815796
61634,-168.19106255204258,0.0,0.0,0.36463430523872375,-1.5855841636657715,-2.935487985610962
61654,-170.09866013978956,0.0,0.0,0.38800856471061707,-1.7013012170791626,-2.9687819480895996
61674,-172.09709570790542,0.0,0.0,0.34229305386543274,-1.5981481075286865,-3.0036611557006836
61694,-174.2772072367591,0.0,0.0,0.36465078592300415,-1.7014694213867188,-3.0417110919952393
61714,-176.5481567459817,0.0,0.0,0.3167927861213684,-2.6860244274139404,-3.0813467502593994
61734,-178.72826827483536,0.0,0.0,0.3710549771785736,-1.624098539352417,-3.119396924972534
61754,178.99169841790518,0.0,0.0,0.30828994512557983,-1.6239593029022217,3.1239945888519287
61774,176.7207489086826,0.0,0.0,0.45650237798690796,-1.9371123313903809,3.0843591690063477
61794,174.54063737982892,0.0,0.0,0.5320797562599182,-1.9374364614486694,3.046308755874634
61814,172.54220181171308,0.0,0.0,0.33742454648017883,-1.585880994796753,3.01142954826355
61834,170.5437662435972,0.0,0.0,0.3268166184425354,-1.7010515928268433,2.976550340652466
61854,168.81784461658805,0.0,0.0,0.3297421336174011,-1.5850417613983154,2.9464271068573
61874,167.18276096994776,0.0,0.0,0.34630611538887024,-1.58126699924469,2.9178898334503174
61894,165.82019126441423,0.0,0.0,0.33752983808517456,-1.4683058261871338,2.894108295440674
61914,164.7301354999874,0.0,0.0,0.3620787262916565,-1.2207518815994263,2.8750834465026855
61934,163.82175569629834,0.0,0.0,0.35554543137550354,-0.39340391755104065,2.85922908782959
61954,163.18588983371603,0.0,0.0,0.3077024221420288,-0.1199948638677597,2.848130941390991
61974,162.82253791224042,0.0,0.0,0.272564560174942,-0.012645334005355835,2.841789484024048
61994,162.7316999318715,0.0,0.0,0.2671234607696533,-6.9357630749777854e-09,2.8402042388916016
62014,162.91337589260934,0.0,0.0,0.3138146996498108,0.3506470322608948,2.843374729156494
62034,163.36756579445387,0.0,0.0,0.2927175760269165,1.1010665893554688,2.851302146911621
62054,164.00343165703617,0.0,0.0,0.33694368600845337,0.3902052342891693,2.8624000549316406
62074,164.91181146072518,0.0,0.0,0.3078380823135376,0.3944162130355835,2.8782541751861572
62094,166.09270520552093,0.0,0.0,0.32355332374572754,1.4567811489105225,2.89886474609375
62114,167.45527491105446,0.0,0.0,0.30538055300712585,1.5723798274993896,2.9226460456848145
62134,168.9086825969569,0.0,0.0,0.32975369691848755,0.5227332711219788,2.948012590408325
62154,170.6346042239661,0.0,0.0,0.3152647018432617,1.5852960348129272,2.978135585784912
62174,172.45136383134417,0.0,0.0,0.29096418619155884,1.5855166912078857,3.0098443031311035
62194,174.35896141909114,0.0,0.0,0.26787900924682617,1.5867418050765991,3.043138027191162
62214,176.35739698720698,0.0,0.0,0.27356135845184326,1.6234815120697021,3.078017234802246
62234,178.35583255532288,0.0,0.0,0.25008147954940796,1.5895917415618896,3.112896680831909
62254,-179.54581009815547,0.0,0.0,0.4358023405075073,1.9372286796569824,-3.1336655616760254
62274,-177.5473745300396,0.0,0.0,0.2956039309501648,1.597909688949585,-3.0987863540649414
62294,-175.54893896192374,0.0,0.0,0.3110688626766205,1.7011630535125732,-3.0639069080352783
62314,-173.73217935454568,0.0,0.0,0.27073487639427185,1.5852992534637451,-3.032198667526245
62334,-171.91541974716762,0.0,0.0,0.2771412134170532,1.5851985216140747,-3.000490427017212
62354,-170.28033610052736,0.0,0.0,0.29331517219543457,1.5811619758605957,-2.9719526767730713
62374,-168.82692841462492,0.0,0.0,0.25487807393074036,1.4691798686981201,-2.9465861320495605
62394,-167.55519668946027,0.0,0.0,0.23555299639701843,1.4654350280761719,-2.9243900775909424
62414,-166.55597890540233,0.0,0.0,0.24583560228347778,0.3934551477432251,-2.9069504737854004
62434,-165.7384370820822,0.0,0.0,0.23416170477867126,0.12968918681144714,-2.89268159866333
62454,-165.10257121949988,0.0,0.0,0.2871174216270447,0.36325037479400635,-2.8815836906433105
62474,-164.83005727839318,0.0,0.0,0.22782957553863525,0.0013738920679315925,-2.8768272399902344
62494,-164.73921929802427,0.0,0.0,0.2126222550868988,7.554173397927855e-10,-2.875241756439209
62514,-164.92089525876207,0.0,0.0,0.25721582770347595,-0.35075250267982483,-2.878412961959839
62534,-165.28424718023768,0.0,0.0,0.21656924486160278,-0.11706966161727905,-2.8847544193267822
62554,-165.92011304282002,0.0,0.0,0.24695608019828796,-0.36456945538520813,-2.8958523273468018
62574,-166.73765486614013,0.0,0.0,0.24962233006954193,-0.3934010863304138,-2.910121440887451
62594,-167.82771063056697,0.0,0.0,0.18006831407546997,-1.2208912372589111,-2.9291462898254395
62614,-169.00860437536272,0.0,0.0,0.14587777853012085,-1.221859097480774,-2.9497568607330322
62634,-170.37117408089625,0.0,0.0,0.16857339441776276,-1.2333810329437256,-2.9735379219055176
62654,-171.91541974716762,0.0,0.0,0.20757389068603516,-1.581437587738037,-3.000490427017212
62674,-173.45966541343898,0.0,0.0,0.1587962806224823,-1.4698426723480225,-3.027442455291748
62694,-175.18558704044813,0.0,0.0,0.22743135690689087,-1.585694670677185,-3.057565689086914
62714,-176.82067068708838,0.0,0.0,0.23398733139038086,-1.5850735902786255,-3.0861029624938965
62734,-178.72826827483536,0.0,0.0,0.23019854724407196,-1.5854697227478027,-3.119396924972534
62754,179.4458883197497,0.0,0.0,0.22745753824710846,-1.5858300924301147,3.1319217681884766
62774,177.7199666927405,0.0,0.0,0.2263585925102234,-1.5853111743927002,3.1017987728118896
62794,175.99404506573137,0.0,0.0,0.23523029685020447,-1.5855352878570557,3.0716755390167236
62814,174.35896141909114,0.0,0.0,0.24639369547367096,-1.5840637683868408,3.043138027191162
62834,172.81471575281978,0.0,0.0,0.21046321094036102,-1.581247091293335,3.016185760498047
62854,171.45214604728625,0.0,0.0,0.219350665807724,-1.4656862020492554,2.9924044609069824
62874,170.18041432212158,0.0,0.0,0.18813246488571167,-1.4653728008270264,2.9702086448669434
62894,169.09035855769474,0.0,0.0,0.19174054265022278,-1.1950691938400269,2.951183795928955
62914,168.18197875400568,0.0,0.0,0.2365250587463379,-1.1910477876663208,2.9353291988372803
62934,167.45527491105446,0.0,0.0,0.1936304271221161,-1.101816177368164,2.9226460456848145
62954,167.00108500921,0.0,0.0,0.16062608361244202,-0.038638465106487274,2.9147188663482666
62974,166.63773308773438,0.0,0.0,0.15782177448272705,-1.062423825263977,2.908377170562744
62994,166.54689510736546,0.0,0.0,0.16064780950546265,-0.03818068280816078,2.9067914485931396
63014,166.72857106810324,0.0,0.0,0.15919721126556396,0.03817494213581085,2.9099626541137695
63034,167.09192298957885,0.0,0.0,0.15405002236366272,1.074761152267456,2.916304111480713
63054,167.54611289142338,0.0,0.0,0.15018242597579956,0.11997270584106445,2.9242312908172607
63074,168.2728167343746,0.0,0.0,0.2259984314441681,0.39024683833122253,2.9369146823883057
63094,169.18119653806366,0.0,0.0,0.14897781610488892,1.1919504404067993,2.9527690410614014
63114,170.18041432212158,0.0,0.0,0.23338252305984497,0.48070791363716125,2.9702086448669434
63134,171.36130806691733,0.0,0.0,0.12745848298072815,1.2218596935272217,2.990819215774536
63154,172.63303979208195,0.0,0.0,0.11557264626026154,1.2221670150756836,3.013015031814575
63174,173.99560949761553,0.0,0.0,0.21498511731624603,0.5189834237098694,3.0367963314056396
63194,175.53985516388684,0.0,0.0,0.23707659542560577,1.5812008380889893,3.063748598098755
63214,176.9932628497893,0.0,0.0,0.13280954957008362,1.2343270778656006,3.0891151428222656
63234,178.62834649642957,0.0,0.0,0.19684720039367676,1.5848512649536133,3.117652654647827
63254,-179.8183240392622,0.0,0.0,0.16813534498214722,1.5843838453292847,-3.1384220123291016
63274,-178.27407837299083,0.0,0.0,0.1970963180065155,1.5471675395965576,-3.1114697456359863
63294,-176.7298327067195,0.0,0.0,0.1690026819705963,1.5728566646575928,-3.084517478942871
63314,-175.27642502081704,0.0,0.0,0.20100796222686768,1.5469814538955688,-3.0591509342193604
63334,-173.91385531528348,0.0,0.0,0.17543676495552063,1.5471149682998657,-3.0353691577911377
63354,-172.73296157048776,0.0,0.0,0.20805521309375763,0.48359358310699463,-3.014759063720703
63374,-171.552067825692,0.0,0.0,0.19337069988250732,1.456587553024292,-2.9941484928131104
63394,-170.64368802200298,0.0,0.0,0.17437462508678436,0.39343374967575073,-2.9782941341400146
63414,-169.82614619868286,0.0,0.0,0.17690199613571167,0.39021217823028564,-2.9640254974365234
63434,-169.19028033610053,0.0,0.0,0.17579877376556396,0.36361780762672424,-2.952927350997925
63454,-168.736090434256,0.0,0.0,0.17887789011001587,0.3520439863204956,-2.945000171661377
63474,-168.4635764931493,0.0,0.0,0.13850516080856323,0.3505139648914337,-2.940244197845459
63494,-168.4635764931493,0.0,0.0,0.12380873411893845,8.222132696911189e-11,-2.940244197845459
63514,-168.5544144735182,0.0,0.0,0.11920605599880219,-0.001371686696074903,-2.9418294429779053
63534,-168.9177663949938,0.0,0.0,0.1393808126449585,-1.0662779808044434,-2.948171377182007
63554,-169.37195629683833,0.0,0.0,0.16674794256687164,-0.3548588156700134,-2.9560983180999756
63574,-170.00782215942064,0.0,0.0,0.17616882920265198,-0.3901425898075104,-2.967196226119995
63594,-170.82536398274078,0.0,0.0,0.14158156514167786,-1.191676378250122,-2.9814648628234863
63614,-171.64290580606092,0.0,0.0,0.1799025535583496,-0.3933321237564087,-2.9957337379455566
63634,-172.73296157048776,0.0,0.0,0.09705306589603424,-1.220949649810791,-3.014759063720703
63654,-173.8230173349146,0.0,0.0,0.09281615912914276,-1.1951696872711182,-3.0337839126586914
63674,-175.00391107971032,0.0,0.0,0.171716570854187,-0.483593612909317,-3.054394483566284
63694,-176.27564280487496,0.0,0.0,0.1663852035999298,-0.5101476311683655,-3.0765905380249023
63714,-177.63821251040852,0.0,0.0,0.19158609211444855,-1.54572331905365,-3.1003715991973877
63734,-178.90994423557316,0.0,0.0,0.19043514132499695,-0.5104430317878723,-3.122567653656006
63754,179.80924024122533,0.0,0.0,0.19232910871505737,-0.5220583081245422,3.13826322555542
63774,178.44667053569174,0.0,0.0,0.16952894628047943,-0.5101416110992432,3.1144819259643555
63794,177.17493881052712,0.0,0.0,0.18393242359161377,-1.5457102060317993,3.0922861099243164
63814,175.99404506573137,0.0,0.0,0.13296090066432953,-0.4032624661922455,3.0716755390167236
63834,174.81315132093562,0.0,0.0,0.06516997516155243,-1.2207307815551758,3.051065444946289
63854,173.8139335368777,0.0,0.0,0.11082088202238083,-1.4555113315582275,3.033625602722168
63874,172.9055537331887,0.0,0.0,0.1703195571899414,-0.3934902250766754,3.017771005630493
63894,172.08801190986856,0.0,0.0,0.08657743036746979,-1.1047685146331787,3.003502368927002
63914,171.45214604728625,0.0,0.0,0.12434583902359009,-0.36366674304008484,2.9924044609069824
63934,170.9071181650728,0.0,0.0,0.1402951329946518,-1.0748666524887085,2.9828922748565674
63954,170.5437662435972,0.0,0.0,0.10015195608139038,-0.35095226764678955,2.976550340652466
63974,170.3620902828594,0.0,0.0,0.08699116110801697,-0.001371673308312893,2.973379611968994
63994,170.2712523024905,0.0,0.0,0.08484098315238953,-1.627201709197834e-05,2.9717938899993896
64014,170.45292826322827,0.0,0.0,0.08351883292198181,1.061954379081726,2.9749646186828613
64034,170.6346042239661,0.0,0.0,0.08287732303142548,0.004158398602157831,2.978135585784912
64054,171.08879412581064,0.0,0.0,0.07587132602930069,1.066480040550232,2.986063003540039
64074,171.5429840276551,0.0,0.0,0.07400613278150558,0.11712062358856201,2.993990182876587
64094,172.17884989023747,0.0,0.0,0.06714048981666565,0.12000454217195511,3.0050878524780273
64114,172.99639171355756,0.0,0.0,0.05898941308259964,1.191359281539917,3.0193569660186768
64134,173.8139335368777,0.0,0.0,0.08117929846048355,1.1919666528701782,3.033625602722168
64154,174.72231334056676,0.0,0.0,0.10781112313270569,1.1922506093978882,3.0494799613952637
64174,175.72153112462468,0.0,0.0,0.08000455796718597,1.1950575113296509,3.0669193267822266
64194,176.7207489086826,0.0,0.0,0.12716394662857056,0.4029136002063751,3.0843591690063477
64214,177.81080467310943,0.0,0.0,0.1644907295703888,0.4803540110588074,3.103384017944336
64234,178.99169841790518,0.0,0.0,0.14286896586418152,1.4651226997375488,3.1239945888519287
64254,-179.90916201963108,0.0,0.0,0.07989177852869034,1.2323087453842163,-3.140007495880127
64274,-178.81910625520425,0.0,0.0,0.03153302147984505,1.1952152252197266,-3.1209821701049805
64294,-177.7290504907774,0.0,0.0,0.02465372532606125,1.2206655740737915,-3.101957082748413
64314,-176.7298327067195,0.0,0.0,0.14012153446674347,0.48040467500686646,-3.084517478942871
64334,-175.73061492266154,0.0,0.0,0.0849265307188034,1.1925753355026245,-3.067077875137329
64354,-174.91307309934143,0.0,0.0,0.07207183539867401,0.39335259795188904,-3.052809000015259
64374,-174.0955312760213,0.0,0.0,0.04404117912054062,1.1050711870193481,-3.0385403633117676
64394,-173.45966541343898,0.0,0.0,0.09633161872625351,0.36361706256866455,-3.027442455291748
64414,-172.91463753122557,0.0,0.0,0.06586097180843353,0.11988939344882965,-3.017929792404175
64434,-172.46044762938104,0.0,0.0,0.05316104739904404,1.0664469003677368,-3.010002613067627
64454,-172.18793368827434,0.0,0.0,0.05916496738791466,0.11569792777299881,-3.00524640083313
64474,-172.00625772753654,0.0,0.0,0.057018838822841644,1.062434196472168,-3.002075433731079
64494,-172.00625772753654,0.0,0.0,0.05714930593967438,2.492190620539958e-10,-3.002075433731079
64514,-172.18793368827434,0.0,0.0,0.06110464781522751,-0.11566426604986191,-3.00524640083313
64534,-172.36960964901215,0.0,0.0,0.05497871711850166,-0.0013724778546020389,-3.0084173679351807
64554,-172.82379955085665,0.0,0.0,0.10124436020851135,-1.0749229192733765,-3.0163445472717285
64574,-173.27798945270118,0.0,0.0,0.08270446211099625,-1.0751699209213257,-3.024271249771118
64594,-173.8230173349146,0.0,0.0,0.10226714611053467,-0.36356493830680847,-3.0337839126586914
64614,-174.4588831974969,0.0,0.0,0.10500599443912506,-0.3645182251930237,-3.044881820678711
64634,-175.18558704044813,0.0,0.0,0.13797132670879364,-0.3931376039981842,-3.057565689086914
64654,-175.91229088339935,0.0,0.0,0.1407773494720459,-0.39300310611724854,-3.07024884223938
64674,-176.82067068708838,0.0,0.0,0.06787720322608948,-1.1920629739761353,-3.0861029624938965
64694,-177.63821251040852,0.0,0.0,0.11662842333316803,-0.39333269000053406,-3.1003715991973877
64714,-178.54659231409755,0.0,0.0,0.0638073980808258,-1.1058785915374756,-3.1162259578704834
64734,-179.45497211778658,0.0,0.0,0.02684500813484192,-1.191931128501892,-3.132080078125
64754,179.6275642804875,0.0,0.0,0.01721443608403206,-1.1920719146728516,3.1350924968719482
64774,178.81002245716735,0.0,0.0,0.10047543793916702,-0.3933372497558594,3.120823860168457
64794,177.99248063384726,0.0,0.0,0.09479688107967377,-0.3931023180484772,3.1065547466278076
