workspace,elapsed_s,degree_deg,cmX_cm,setspeed_cm_s,energy_j,theta_dot_rad_s,theta_rad,x_center_cm,mode,cart_force_cmd_n,hinge_assist_torque_nm
real_balance_only_noassist,0.008,1.825136,14.171665,300.000000,1.086019678,-8.680707766,0.031854638,0.000000,6,nan,nan
real_balance_only_noassist,0.067,-31.580326,28.911665,300.000000,1.044996619,-8.920599597,-0.551180676,0.000000,6,260.000000000,0.000000000
real_balance_only_noassist,0.118,-57.596444,39.000000,0.000000,0.808126369,-7.166717779,-1.005247592,0.000000,6,15.455425999,0.000000000
real_balance_only_noassist,0.170,-75.339197,38.934684,0.000000,0.677148608,-6.808701640,-1.314917037,0.000000,6,0.000000000,0.000000000
real_balance_only_noassist,0.222,-97.544519,38.587533,0.000000,0.624672620,-8.423083924,-1.702473027,0.000000,6,0.000000000,0.000000000
real_balance_only_noassist,0.274,-124.509225,37.692122,-9.080749,0.578286975,-10.101940960,-2.173095918,0.000000,6,-1.728559384,0.000000000
real_balance_only_noassist,0.325,-157.639254,34.955599,-41.289865,0.699115054,-12.938404833,-2.751324012,0.000000,6,-29.492760633,0.000000000
real_balance_only_noassist,0.377,157.242393,26.640645,-73.764828,1.247658295,-17.443550428,2.744397482,0.000000,6,-52.689162633,0.000000000
real_balance_only_noassist,0.428,109.478418,15.640645,-105.939447,1.276088361,-15.925881711,1.910758855,0.000000,6,-75.671033883,0.000000000
real_balance_only_noassist,0.480,67.469695,4.640645,-66.497918,1.303146179,-13.787580174,1.177568316,0.000000,6,-3.006241834,0.000000000
real_balance_only_noassist,0.532,24.445979,-1.632748,-73.290554,1.911511988,-17.043253217,0.426662830,0.000000,6,-2.984023832,0.000000000
real_balance_only_noassist,0.583,-16.435692,-6.022933,-34.529956,1.591682431,-14.343262494,-0.286856934,0.000000,6,79.911083367,0.000000000
real_balance_only_noassist,0.635,-58.823214,-10.276876,-1.946213,1.376098936,-13.969262204,-1.026658767,0.000000,6,-19.565103634,0.000000000
real_balance_only_noassist,0.687,-101.024444,-17.233554,5.293476,1.252301119,-15.288385251,-1.763209171,0.000000,6,-0.921321483,0.000000000
real_balance_only_noassist,0.739,-146.878034,-25.357059,37.842886,1.103769549,-16.124579029,-2.563505296,0.000000,6,27.030632817,0.000000000
real_balance_only_noassist,0.791,172.703031,-29.808845,70.493187,0.560077321,-11.799357370,3.014236528,0.000000,6,50.352276567,0.000000000
real_balance_only_noassist,0.842,153.285000,-24.752719,102.798882,0.076749378,-2.952208468,2.675327940,0.000000,6,68.788473716,0.000000000
real_balance_only_noassist,0.893,148.132166,-13.752719,135.140921,0.067060521,-1.406535650,2.585394023,0.000000,6,96.529229517,0.000000000
real_balance_only_noassist,0.944,145.811171,-2.752719,108.570977,0.068416439,-0.389183338,2.544885027,0.000000,6,77.550697553,0.000000000
real_balance_only_noassist,0.996,146.435325,8.247281,75.989359,0.067041570,0.635154402,2.555778563,0.000000,6,58.903584053,0.000000000
real_balance_only_noassist,1.047,149.892885,19.247281,44.019557,0.063037898,1.588936305,2.616124365,0.000000,6,36.144413753,0.000000000
real_balance_only_noassist,1.099,155.854963,30.247281,11.332560,0.057324534,2.397634584,2.720182255,0.000000,6,8.094685703,0.000000000
real_balance_only_noassist,1.150,159.140508,38.965726,-21.272861,0.094829366,-4.156623566,2.777525837,0.000000,6,-10.502424697,0.000000000
real_balance_only_noassist,1.202,142.509150,36.719358,-53.677820,0.258361148,-6.657911505,2.487253878,0.000000,6,-33.693452347,0.000000000
real_balance_only_noassist,1.254,119.367302,28.279133,-86.572980,0.497936240,-8.630929044,2.083352442,0.000000,6,-61.837842847,0.000000000
real_balance_only_noassist,1.306,97.707489,17.279133,-79.817218,0.522925586,-6.766693984,1.705317382,0.000000,6,-57.012298897,0.000000000
real_balance_only_noassist,1.357,81.653233,6.279133,-47.319859,0.541577214,-4.801430112,1.425117766,0.000000,6,-33.799899397,0.000000000
real_balance_only_noassist,1.409,71.098519,-4.720867,-14.673649,0.553743789,-2.925277577,1.240903242,0.000000,6,-15.106805797,0.000000000
real_balance_only_noassist,1.461,65.666778,-15.667690,17.735535,0.560274337,-1.243861292,1.146101492,0.000000,6,12.668239102,0.000000000
real_balance_only_noassist,1.512,63.394103,-24.719472,50.046467,0.570041743,-0.690102461,1.106435823,0.000000,6,35.747476402,0.000000000
real_balance_only_noassist,1.563,60.091315,-27.827432,82.243000,0.599903780,-1.720874144,1.048791305,0.000000,6,54.112174852,0.000000000
real_balance_only_noassist,1.615,50.551811,-20.973231,153.007547,0.717830716,-4.361981409,0.882295552,0.000000,6,176.514423053,0.000000000
real_balance_only_noassist,1.665,40.323687,-9.973231,77.624499,0.727901018,-3.013922546,0.703781106,0.000000,6,33.406157177,0.000000000
real_balance_only_noassist,1.717,42.270083,-4.031452,-51.073118,0.841773055,6.304838599,0.737752127,0.000000,6,-220.075012674,0.000000000
real_balance_only_noassist,1.769,74.118363,-14.476644,-180.815731,1.070922563,11.949287882,1.293609474,0.000000,6,-260.000000000,0.000000000
real_balance_only_noassist,1.821,110.897730,-25.476644,-155.568098,0.976539194,13.454633593,1.935530518,0.000000,6,-75.422005999,0.000000000
real_balance_only_noassist,1.871,155.311318,-34.063700,-29.644906,1.504635187,19.162242692,2.710693872,0.000000,6,109.168116503,0.000000000
real_balance_only_noassist,1.923,-126.759454,-26.019875,101.819804,3.389368220,28.424473043,-2.212369838,0.000000,6,132.831764303,0.000000000
real_balance_only_noassist,1.975,-49.201739,-15.019875,179.059857,3.375899062,26.110849439,-0.858732345,0.000000,6,132.793547152,0.000000000
real_balance_only_noassist,2.036,36.029345,-2.039875,140.144127,3.206761867,24.985104416,0.628830703,0.000000,6,100.102947502,0.000000000
real_balance_only_noassist,2.087,109.024137,8.960125,133.904526,2.957634407,25.947753458,1.902830150,0.000000,6,91.016879153,0.000000000
real_balance_only_noassist,2.137,-175.424324,19.960125,127.642265,2.792488710,26.416084431,-3.061732041,0.000000,6,91.173046702,0.000000000
real_balance_only_noassist,2.190,-101.997215,30.960125,94.841132,2.776961804,24.830060879,-1.780187224,0.000000,6,67.743665752,0.000000000
real_balance_only_noassist,2.240,-30.751201,38.934458,0.000000,3.785282952,27.638994563,-0.536709708,0.000000,6,0.000000000,0.000000000
real_balance_only_noassist,2.292,48.382129,38.105830,30.169679,3.597699376,27.132467725,0.844427454,0.000000,6,0.000000000,0.000000000
real_balance_only_noassist,2.344,125.621414,39.000000,-2.312458,3.129215200,27.227557210,2.192507292,0.000000,6,-1.651755398,0.000000000
real_balance_only_noassist,2.395,-156.616700,38.644904,-34.789402,2.777016626,26.195366719,-2.733477086,0.000000,6,-20.189090497,0.000000000
real_balance_only_noassist,2.447,-91.450545,32.427462,-67.238495,2.094423669,20.687900550,-1.596113117,0.000000,6,-48.027496298,0.000000000
real_balance_only_noassist,2.498,-36.107480,21.427462,-99.357457,2.080996945,18.517369549,-0.630194407,0.000000,6,-70.969612298,0.000000000
real_balance_only_noassist,2.549,15.074524,10.427462,-131.900753,2.015264317,17.634961311,0.263100072,0.000000,6,-94.214823548,0.000000000
real_balance_only_noassist,2.600,66.331279,-0.572538,-164.094559,1.882403055,18.251540525,1.157699223,0.000000,6,-117.210399548,0.000000000
real_balance_only_noassist,2.652,120.843619,-11.572538,-144.346075,1.723256191,19.570630756,2.109119033,0.000000,6,-107.733990848,0.000000000
real_balance_only_noassist,2.703,178.205889,-22.572538,-112.005531,1.621308415,20.131542750,3.110279514,0.000000,6,-80.003950448,0.000000000
real_balance_only_noassist,2.755,-125.598033,-33.572538,-79.563830,1.612484011,19.029569836,-2.192099217,0.000000,6,-61.455929198,0.000000000
real_balance_only_noassist,2.808,-72.613598,-39.000000,0.000000,1.842931404,18.257030609,-1.267346367,0.000000,6,0.000000000,0.000000000
real_balance_only_noassist,2.860,-23.586320,-39.000000,0.000000,1.835176680,16.455686295,-0.411658941,0.000000,6,0.000000000,0.000000000
real_balance_only_noassist,2.922,20.291270,-38.901042,25.716070,1.733253819,15.594914730,0.354149469,0.000000,6,12.963507052,0.000000000
real_balance_only_noassist,2.984,62.892920,-35.519169,28.000000,1.295231202,13.453923386,1.097688534,0.000000,6,20.000000000,0.000000000
real_balance_only_noassist,3.049,102.685995,-27.735094,-6.033435,1.070714062,13.824689315,1.792208702,0.000000,6,-148.329951999,0.000000000
real_balance_only_noassist,3.100,143.665920,-25.474079,87.970224,1.195908594,16.730336345,2.507443322,0.000000,6,58.428610852,0.000000000
real_balance_only_noassist,3.152,-159.573903,-15.138502,120.858346,1.639224774,20.090743437,-2.785090003,0.000000,6,86.327390002,0.000000000
real_balance_only_noassist,3.203,-104.542203,-4.138502,153.050833,1.651785112,18.424942512,-1.824605648,0.000000,6,104.816828452,0.000000000
real_balance_only_noassist,3.255,-55.477309,6.861498,133.604494,1.671683466,16.254980790,-0.968261696,0.000000,6,95.431781453,0.000000000
real_balance_only_noassist,3.306,-11.613307,17.861498,101.063749,1.654941743,14.817006700,-0.202690438,0.000000,6,72.188391803,0.000000000
real_balance_only_noassist,3.357,30.242098,28.861498,68.896693,1.590183056,14.652531711,0.527824175,0.000000,6,49.211923703,0.000000000
real_balance_only_noassist,3.408,74.284578,39.000000,0.000000,1.689991783,17.257654026,1.296510464,0.000000,6,30.956783153,0.000000000
real_balance_only_noassist,3.461,129.343310,39.000000,0.000000,1.701301579,19.733662201,2.257466624,0.000000,6,0.000000000,0.000000000
real_balance_only_noassist,3.513,-173.537262,38.832447,-29.400014,1.529308681,19.537240619,-3.028796598,0.000000,6,-21.000009847,0.000000000
real_balance_only_noassist,3.566,-125.711113,34.775518,-62.345073,0.983406398,14.318255576,-2.194072823,0.000000,6,-44.532194647,0.000000000
real_balance_only_noassist,3.618,-91.751540,24.283753,-114.459524,0.850771697,10.843956299,-1.601366470,0.000000,6,-125.566532045,0.000000000
real_balance_only_noassist,3.669,-64.148469,13.283753,-242.049126,0.874881882,8.822974640,-1.119601988,0.000000,6,-260.000000000,0.000000000
real_balance_only_noassist,3.719,-41.818858,2.283753,-300.000000,0.888979763,7.143897421,-0.729876764,0.000000,6,-260.000000000,0.000000000
real_balance_only_noassist,3.771,-23.478829,-8.716247,-300.000000,0.894367971,5.959358299,-0.409782866,0.000000,6,-260.000000000,0.000000000
real_balance_only_noassist,3.821,-7.661733,-19.716247,-278.640604,0.893139517,5.287785010,-0.133722462,0.000000,6,-218.258233336,0.000000000
real_balance_only_noassist,3.873,7.064984,-30.716247,-289.038940,0.886085565,5.105510358,0.123307224,0.000000,6,-227.700793256,0.000000000
real_balance_only_noassist,3.925,16.529419,-39.000000,0.000000,0.783438630,-1.927111786,0.288492785,0.000000,6,0.000000000,0.000000000
real_balance_only_noassist,3.976,10.449865,-39.000000,0.000000,0.793300958,-1.937092384,0.182384547,0.000000,6,0.000000000,0.000000000
real_balance_only_noassist,4.028,5.460806,-39.000000,0.000000,0.793637107,-1.629263844,0.095309044,0.000000,6,0.000000000,0.000000000
real_balance_only_noassist,4.079,0.801169,-38.867164,21.726260,0.798634590,-1.862320568,0.013983039,0.000000,6,10.847620103,0.000000000
real_balance_only_noassist,4.129,-14.128077,-33.847968,128.285562,1.131413552,-9.466819203,-0.246581462,0.000000,6,260.000000000,0.000000000
real_balance_only_noassist,4.181,-42.606893,-22.847968,258.016832,1.099955270,-10.231602124,-0.743630562,0.000000,6,260.000000000,0.000000000
real_balance_only_noassist,4.233,-73.867791,-11.847968,300.000000,1.026810379,-11.460586692,-1.289236164,0.000000,6,260.000000000,0.000000000
real_balance_only_noassist,4.285,-109.265113,-0.847968,248.563447,0.936726878,-12.978782702,-1.907035985,0.000000,6,197.701838000,0.000000000
real_balance_only_noassist,4.336,-148.803379,10.008184,120.422622,0.894792948,-14.474545497,-2.597108895,0.000000,6,-12.224485147,0.000000000
real_balance_only_noassist,4.388,164.898086,18.203923,-8.473530,1.238694929,-17.501021218,2.878014536,0.000000,6,-30.743655998,0.000000000
real_balance_only_noassist,4.439,110.492943,20.830170,-81.884121,1.787253859,-19.571854582,1.928465664,0.000000,6,-58.488657998,0.000000000
real_balance_only_noassist,4.490,57.308660,16.021957,-68.441780,1.776428176,-17.117883806,1.000224799,0.000000,6,-53.463994704,0.000000000
real_balance_only_noassist,4.542,14.198143,5.302257,-36.141977,1.601593620,-14.394270946,0.247804337,0.000000,6,-25.815697704,0.000000000
real_balance_only_noassist,4.592,-26.302524,-5.697743,-4.217843,1.543949359,-14.140153302,-0.459065640,0.000000,6,-7.525670904,0.000000000
real_balance_only_noassist,4.643,-68.190295,-16.613671,28.150601,1.457214475,-15.157737490,-1.190145159,0.000000,6,15.459723396,0.000000000
real_balance_only_noassist,4.695,-114.279522,-25.755273,60.511388,1.319675458,-16.497165381,-1.994553934,0.000000,6,38.588085846,0.000000000
real_balance_only_noassist,4.747,-157.709397,-29.098943,92.813964,0.724277368,-13.180990839,-2.752548241,0.000000,6,66.295688346,0.000000000
real_balance_only_noassist,4.798,178.899131,-21.439652,125.612196,0.131572613,-5.733676483,3.122378858,0.000000,6,85.043154546,0.000000000
real_balance_only_noassist,4.850,163.056511,-10.439652,158.130194,0.130998049,-5.337719753,2.845872987,0.000000,6,112.950138546,0.000000000
real_balance_only_noassist,4.901,149.056406,0.560348,190.480553,0.137470177,-4.517228799,2.601525050,0.000000,6,131.582137446,0.000000000
real_balance_only_noassist,4.953,138.004846,11.560348,210.000000,0.145965275,-3.361454724,2.408638947,0.000000,6,150.000000000,0.000000000
real_balance_only_noassist,5.006,130.641133,22.560348,183.922550,0.152827937,-2.000347842,2.280117911,0.000000,6,131.373249900,0.000000000
real_balance_only_noassist,5.056,127.355647,33.560348,151.537739,0.155507825,-0.547887707,2.222775367,0.000000,6,112.888555800,0.000000000
real_balance_only_noassist,5.108,121.080549,39.000000,0.000000,0.253733148,-3.997084836,2.113254242,0.000000,6,0.000000000,0.000000000
real_balance_only_noassist,5.160,112.440759,39.000000,0.000000,0.263923576,-2.308334604,1.962461454,0.000000,6,0.000000000,0.000000000
real_balance_only_noassist,5.212,108.789488,39.000000,0.000000,0.267244719,-0.555343215,1.898734761,0.000000,6,0.000000000,0.000000000
real_balance_only_noassist,5.262,110.134219,39.000000,0.000000,0.262845168,1.174445654,1.922204745,0.000000,6,0.000000000,0.000000000
real_balance_only_noassist,5.314,116.310631,38.993852,-10.138952,0.250144385,2.813840196,2.030003458,0.000000,6,-7.242108600,0.000000000
real_balance_only_noassist,5.365,125.795289,37.874730,-42.792426,0.208496252,3.376665424,2.195541985,0.000000,6,-30.566018550,0.000000000
real_balance_only_noassist,5.417,132.933740,31.785972,-75.447705,0.133882955,1.480459963,2.320131441,0.000000,6,-49.185132600,0.000000000
real_balance_only_noassist,5.469,136.899624,20.831465,-108.214918,0.120020878,1.879813428,2.389349176,0.000000,6,-72.605716500,0.000000000
real_balance_only_noassist,5.521,144.249614,9.831465,-140.606858,0.110283615,3.014286883,2.517630710,0.000000,6,-100.433470350,0.000000000
real_balance_only_noassist,5.572,154.458453,-1.168535,-172.784388,0.099317047,3.904129917,2.695808568,0.000000,6,-123.417420150,0.000000000
real_balance_only_noassist,5.623,166.671863,-12.168535,-205.529294,0.090142339,4.460194834,2.908972775,0.000000,6,-146.806638600,0.000000000
real_balance_only_noassist,5.675,179.814478,-23.168535,-183.938037,0.085265900,4.616921132,3.138354676,0.000000,6,-135.973766400,0.000000000
real_balance_only_noassist,5.727,-167.304323,-34.168535,-151.440629,0.085453019,4.354861714,-2.920011293,0.000000,6,-108.171878100,0.000000000
real_balance_only_noassist,5.779,-143.362787,-39.000000,0.000000,0.595879400,11.383683023,-2.502152655,0.000000,6,0.000000000,0.000000000
real_balance_only_noassist,5.830,-113.310820,-39.000000,0.000000,0.619281875,9.774481922,-1.977646888,0.000000,6,0.000000000,0.000000000
real_balance_only_noassist,5.881,-88.626616,-39.000000,0.000000,0.644710473,7.792713207,-1.546826253,0.000000,6,0.000000000,0.000000000
real_balance_only_noassist,5.935,-69.651878,-39.000000,0.000000,0.664878464,5.831634883,-1.215654605,0.000000,6,0.000000000,0.000000000
real_balance_only_noassist,5.986,-55.988199,-38.986881,11.774339,0.677239651,4.041823794,-0.977178419,0.000000,6,8.410242450,0.000000000
real_balance_only_noassist,6.037,-48.807383,-37.550638,44.177764,0.656146376,1.152679290,-0.851849529,0.000000,6,26.949968400,0.000000000
real_balance_only_noassist,6.090,-53.375187,-30.597230,77.072533,0.682800131,-3.751835760,-0.931572759,0.000000,6,55.051809150,0.000000000
real_balance_only_noassist,6.141,-67.459547,-19.597230,86.881200,0.665069761,-5.528310250,-1.177391201,0.000000,6,62.057999937,0.000000000
real_balance_only_noassist,6.192,-85.998858,-8.597230,54.577700,0.623869592,-7.142992156,-1.500963221,0.000000,6,38.984071287,0.000000000
real_balance_only_noassist,6.243,-109.241854,2.402770,48.177587,0.570923416,-8.772704163,-1.906630033,0.000000,6,34.412561787,0.000000000
real_balance_only_noassist,6.294,-136.766838,13.402770,80.280713,0.516357609,-10.122368549,-2.387031633,0.000000,6,57.343366587,0.000000000
real_balance_only_noassist,6.351,-167.128418,24.402770,44.666980,0.477286438,-10.810020039,-2.916941163,0.000000,6,37.118010836,0.000000000
real_balance_only_noassist,6.406,161.483003,35.622770,9.582915,0.465536967,-10.550144747,2.818410089,0.000000,6,6.844939437,0.000000000
real_balance_only_noassist,6.456,119.654381,38.995818,-22.245698,1.294430178,-16.554279750,2.088362914,0.000000,6,-15.889784164,0.000000000
real_balance_only_noassist,6.507,75.409290,37.967932,-54.456448,1.336342949,-14.535237382,1.316140396,0.000000,6,-38.897462913,0.000000000
real_balance_only_noassist,6.559,39.013013,33.236092,-28.000000,1.218491926,-11.414858106,0.680905520,0.000000,6,-20.000000000,0.000000000
real_balance_only_noassist,6.611,6.191911,28.058375,20.512498,1.714380369,-15.263269238,0.108069230,0.000000,6,162.356253999,0.000000000
real_balance_only_noassist,6.662,-50.322572,34.561983,-93.717979,1.997032080,-18.399039032,-0.878294572,0.000000,6,-66.941413863,0.000000000
real_balance_only_noassist,6.712,-97.159384,29.857609,-125.780847,1.374647357,-16.055778824,-1.695751153,0.000000,6,-85.158621663,0.000000000
real_balance_only_noassist,6.765,-145.317012,18.857609,-158.554661,1.258726164,-17.240952691,-2.536260324,0.000000,6,-113.253329463,0.000000000
real_balance_only_noassist,6.817,164.893131,7.857609,-191.112613,1.205469353,-17.262014342,2.877928058,0.000000,6,-136.509009513,0.000000000
real_balance_only_noassist,6.868,117.546647,-3.142391,-210.000000,1.215485350,-15.847387955,2.051576018,0.000000,6,-150.000000000,0.000000000
real_balance_only_noassist,6.920,75.675708,-14.142391,-164.598527,1.244020384,-13.734416321,1.320790267,0.000000,6,-73.624074598,0.000000000
real_balance_only_noassist,6.971,36.350741,-22.663548,-139.412347,1.667005910,-15.480354537,0.634440119,0.000000,6,48.982223397,0.000000000
real_balance_only_noassist,7.023,1.052821,-29.427476,-86.969626,1.122126620,-9.184128498,0.018375188,0.000000,6,68.846238003,0.000000000
real_balance_only_noassist,7.074,-46.480750,-29.902377,-112.792406,2.746520354,-22.824955648,-0.811242120,0.000000,6,6.871566000,0.000000000
real_balance_only_noassist,7.127,-113.116925,-25.959862,-111.621004,2.496323274,-23.759119165,-1.974262787,0.000000,6,-84.402123000,0.000000000
real_balance_only_noassist,7.180,170.692234,-36.011811,-78.970609,2.927139426,-27.027638681,2.979141497,0.000000,6,-56.407577550,0.000000000
real_balance_only_noassist,7.230,111.220698,-38.494221,-25.770747,1.508067217,-17.732039159,1.941167380,0.000000,6,0.000000000,0.000000000
real_balance_only_noassist,7.290,56.195440,-36.429791,-9.262188,1.485353935,-14.787136171,0.980795453,0.000000,6,-11.093009550,0.000000000
real_balance_only_noassist,7.341,14.896574,-34.392260,16.481967,1.702268683,-15.253333053,0.259994263,0.000000,6,7.236932700,0.000000000
real_balance_only_noassist,7.392,-31.991590,-28.405759,48.587119,1.959248555,-17.564480940,-0.558358574,0.000000,6,30.101016000,0.000000000
real_balance_only_noassist,7.444,-87.733053,-18.215777,80.928946,2.057879142,-20.309835151,-1.531230636,0.000000,6,57.806389650,0.000000000
real_balance_only_noassist,7.495,-148.000413,-7.215777,48.807030,1.898013219,-21.438218158,-2.583094504,0.000000,6,34.862164050,0.000000000
real_balance_only_noassist,7.545,150.635202,3.784223,16.851828,1.838216154,-21.141184567,2.629080246,0.000000,6,16.547715750,0.000000000
real_balance_only_noassist,7.596,93.002767,14.784223,-15.544426,1.855522792,-19.259272738,1.623204499,0.000000,6,-6.449121150,0.000000000
real_balance_only_noassist,7.648,41.997526,25.304953,-47.714301,1.782836830,-16.574192752,0.732995100,0.000000,6,-34.081643850,0.000000000
real_balance_only_noassist,7.699,1.382310,32.167669,-34.035778,1.598586956,-14.264476418,0.024125867,0.000000,6,20.604553501,0.000000000
real_balance_only_noassist,7.750,-38.171026,38.739500,-68.133152,1.255667368,-11.776825233,-0.666210084,0.000000,6,-61.584241650,0.000000000
real_balance_only_noassist,7.801,-63.137533,35.022604,-28.000000,0.804520753,-7.661831561,-1.101957840,0.000000,6,-20.000000000,0.000000000
real_balance_only_noassist,7.852,-86.250375,26.583392,49.194212,0.730127812,-8.832697539,-1.505353017,0.000000,6,103.995855998,0.000000000
real_balance_only_noassist,7.904,-113.185794,32.609126,-28.237108,0.604421894,-9.572294248,-1.975464769,0.000000,6,-20.569058004,0.000000000
real_balance_only_noassist,7.956,-150.723008,37.403043,-144.134476,1.249890677,-17.318831840,-2.630612743,0.000000,6,-102.953197050,0.000000000
real_balance_only_noassist,8.007,145.298525,27.457922,-176.539530,2.138983499,-22.744158977,2.535937663,0.000000,6,-121.405552800,0.000000000
real_balance_only_noassist,8.057,83.353891,16.457922,-195.457391,2.154357169,-20.715586830,1.454799837,0.000000,6,-144.257850600,0.000000000
real_balance_only_noassist,8.108,27.573355,5.457922,-163.471258,2.144449204,-18.736451200,0.481245836,0.000000,6,-121.305327900,0.000000000
real_balance_only_noassist,8.159,-24.684050,-5.542078,-131.416573,2.063597818,-18.129075930,-0.430817946,0.000000,6,-93.868980900,0.000000000
real_balance_only_noassist,8.210,-77.787157,-16.542078,-99.012223,1.915920765,-18.977031795,-1.357641997,0.000000,6,-75.356659950,0.000000000
real_balance_only_noassist,8.263,-134.378933,-27.542078,-66.292835,1.757020581,-20.242686176,-2.345354834,0.000000,6,-47.352025050,0.000000000
real_balance_only_noassist,8.315,166.952150,-38.542078,0.000000,1.675345908,-20.403522186,2.913864719,0.000000,6,0.000000000,0.000000000
real_balance_only_noassist,8.366,132.588059,-38.722939,0.000000,0.606074012,-10.945546353,2.314098182,0.000000,6,0.000000000,0.000000000
real_balance_only_noassist,8.418,105.139212,-37.248184,31.445928,0.578373922,-8.491983694,1.835025430,0.000000,6,22.461376800,0.000000000
real_balance_only_noassist,8.469,85.084025,-31.651578,63.902903,0.576265802,-6.128604986,1.484996381,0.000000,6,41.036995650,0.000000000
real_balance_only_noassist,8.521,70.244134,-20.915082,96.319881,0.603550110,-4.430400167,1.225991427,0.000000,6,68.799915300,0.000000000
real_balance_only_noassist,8.572,60.566055,-9.915082,76.997581,0.613779322,-2.671431355,1.057077068,0.000000,6,59.669252383,0.000000000
real_balance_only_noassist,8.623,55.605720,1.304918,76.974717,0.618340386,-1.034366531,0.970502892,0.000000,6,54.740274459,0.000000000
real_balance_only_noassist,8.674,55.181122,12.084918,64.376575,0.617267721,0.450989274,0.963092268,0.000000,6,45.983267970,0.000000000
real_balance_only_noassist,8.724,59.008473,23.084918,32.671688,0.609730958,1.954466738,1.029892144,0.000000,6,23.336919870,0.000000000
real_balance_only_noassist,8.775,67.221599,34.084918,0.389260,0.593666888,3.512198291,1.173238226,0.000000,6,4.953988771,0.000000000
real_balance_only_noassist,8.827,84.096680,38.737926,-32.175031,0.673551450,7.758753763,1.467763951,0.000000,6,-22.982164680,0.000000000
real_balance_only_noassist,8.879,108.893421,35.311391,-64.573354,0.590420528,9.015030423,1.900548730,0.000000,6,-46.123824180,0.000000000
real_balance_only_noassist,8.930,133.732243,25.648165,-96.955221,0.426354717,8.735224398,2.334067964,0.000000,6,-69.253729230,0.000000000
real_balance_only_noassist,8.981,160.347348,14.648165,-129.127033,0.389836855,9.578349032,2.798589168,0.000000,6,-92.233595280,0.000000000
real_balance_only_noassist,9.032,-171.933738,3.648165,-161.415270,0.374068811,9.620116728,-3.000809819,0.000000,6,-115.296621330,0.000000000
real_balance_only_noassist,9.083,-145.546183,-7.351835,-193.645558,0.379727210,8.816084338,-2.540260114,0.000000,6,-133.701143430,0.000000000
real_balance_only_noassist,9.135,-122.627632,-18.351835,-196.890104,0.397622581,7.361990853,-2.140255925,0.000000,6,-140.635788450,0.000000000
real_balance_only_noassist,9.185,-104.541344,-29.351835,-164.726695,0.417293028,5.554643274,-1.824590656,0.000000,6,-122.223125850,0.000000000
real_balance_only_noassist,9.237,-91.704552,-39.000000,0.000000,0.443841764,3.972214751,-1.600546372,0.000000,6,0.000000000,0.000000000
real_balance_only_noassist,9.289,-83.233249,-39.000000,0.000000,0.457641375,2.179780635,-1.452694239,0.000000,6,0.000000000,0.000000000
real_balance_only_noassist,9.340,-80.126694,-38.988767,0.000000,0.460122507,0.330768434,-1.398474628,0.000000,6,0.000000000,0.000000000
real_balance_only_noassist,9.392,-82.236175,-38.939152,0.000000,0.454084072,-1.472646663,-1.435292023,0.000000,6,0.000000000,0.000000000
real_balance_only_noassist,9.443,-89.457131,-38.879321,0.000000,0.438239375,-3.245053894,-1.561321475,0.000000,6,0.000000000,0.000000000
real_balance_only_noassist,9.495,-101.621481,-38.528234,30.221342,0.408726995,-4.882982609,-1.773629433,0.000000,6,21.586672650,0.000000000
real_balance_only_noassist,9.547,-116.824299,-34.986030,62.740929,0.328201886,-5.312126576,-2.038968656,0.000000,6,44.814949500,0.000000000
real_balance_only_noassist,9.598,-130.409175,-25.200008,95.161781,0.231496192,-4.833898338,-2.276069485,0.000000,6,67.972701000,0.000000000
real_balance_only_noassist,9.650,-146.259481,-14.200008,127.769677,0.208413177,-5.964853800,-2.552709510,0.000000,6,91.264054800,0.000000000
real_balance_only_noassist,9.702,-164.605864,-3.200008,160.637962,0.190108415,-6.633817064,-2.872914303,0.000000,6,114.741401250,0.000000000
real_balance_only_noassist,9.754,176.093558,7.799992,193.223417,0.181687234,-6.722639762,3.073412374,0.000000,6,138.016726500,0.000000000
real_balance_only_noassist,9.806,157.562090,18.799992,197.042606,0.184030688,-6.211351185,2.749977248,0.000000,6,140.744718600,0.000000000
real_balance_only_noassist,9.857,141.390564,29.799992,164.560638,0.193491814,-5.189415334,2.467730877,0.000000,6,117.543313050,0.000000000
real_balance_only_noassist,9.909,126.276946,39.000000,0.000000,0.435463100,-8.295206486,2.203948469,0.000000,6,0.000000000,0.000000000
real_balance_only_noassist,9.961,103.043741,39.000000,0.000000,0.519117696,-7.336217536,1.798452546,0.000000,6,0.000000000,0.000000000
real_balance_only_noassist,10.013,85.352940,39.000000,0.000000,0.539409264,-5.366981432,1.489689836,0.000000,6,0.000000000,0.000000000
real_balance_only_noassist,10.064,73.229706,39.000000,0.000000,0.553479281,-3.458973185,1.278099478,0.000000,6,0.000000000,0.000000000
real_balance_only_noassist,10.116,66.379714,38.982507,0.000000,0.560680626,-1.662555651,1.158544570,0.000000,6,0.000000000,0.000000000
real_balance_only_noassist,10.167,64.910173,38.471667,-30.593715,0.559554007,0.436247472,1.132896234,0.000000,6,-21.852653250,0.000000000
real_balance_only_noassist,10.219,71.337489,34.347025,-63.185858,0.570230160,3.614721575,1.245074072,0.000000,6,-45.132755700,0.000000000
real_balance_only_noassist,10.270,86.675302,24.185327,-95.432031,0.568952189,6.200709633,1.512769403,0.000000,6,-68.165736600,0.000000000
real_balance_only_noassist,10.321,107.260610,13.185327,-91.717700,0.522878790,7.856702573,1.872050810,0.000000,6,-60.946193157,0.000000000
real_balance_only_noassist,10.373,132.263013,2.185327,-124.252292,0.472761315,9.277176468,2.308425056,0.000000,6,-88.751637357,0.000000000
real_balance_only_noassist,10.424,160.457772,-8.814673,-156.725021,0.433095487,10.130293289,2.800516429,0.000000,6,-111.946443658,0.000000000
real_balance_only_noassist,10.476,-170.289917,-19.814673,-150.520266,0.416635546,10.136739450,-2.972119738,0.000000,6,-107.514476007,0.000000000
real_balance_only_noassist,10.527,-142.547100,-30.814673,-118.103373,0.423485540,9.254642824,-2.487916235,0.000000,6,-84.359552307,0.000000000
real_balance_only_noassist,10.578,-115.136744,-39.000000,0.000000,0.807282041,12.057837116,-2.009515271,0.000000,6,0.000000000,0.000000000
real_balance_only_noassist,10.629,-83.231092,-39.000000,0.000000,0.862008539,10.287835870,-1.452656589,0.000000,6,0.000000000,0.000000000
real_balance_only_noassist,10.680,-57.124353,-39.000000,0.000000,0.883575895,8.339279002,-0.997008046,0.000000,6,0.000000000,0.000000000
real_balance_only_noassist,10.732,-35.962939,-38.990432,10.916348,0.893299275,6.769266623,-0.627671695,0.000000,6,7.797391293,0.000000000
real_balance_only_noassist,10.783,-20.786997,-37.665592,28.000000,0.822156521,3.965454286,-0.362801536,0.000000,6,20.000000000,0.000000000
real_balance_only_noassist,10.834,-15.352727,-32.556978,28.000000,0.771716888,0.479584325,-0.267955631,0.000000,7,20.000000000,0.000000000
real_balance_only_noassist,10.886,-16.680052,-24.893207,-75.021537,0.768600846,0.279313041,-0.291121822,0.000000,7,-100.660877261,0.000000000
real_balance_only_noassist,10.936,7.109891,-30.014793,-201.950998,1.398028707,12.412151642,0.124091008,0.000000,7,-260.000000000,0.000000000
real_balance_only_noassist,10.987,39.657874,-38.999164,25.544290,0.893001943,7.044596343,0.692160477,0.000000,7,20.000000000,0.000000000
real_balance_only_noassist,11.039,56.449539,-37.107755,28.000000,0.736246113,5.634224504,0.985230325,0.000000,7,20.000000000,0.000000000
real_balance_only_noassist,11.090,72.747886,-31.437388,28.000000,0.646156064,5.860446309,1.269690137,0.000000,7,20.000000000,0.000000000
real_balance_only_noassist,11.141,92.881060,-27.972636,-99.433710,0.635720797,8.109314334,1.621080304,0.000000,7,-260.000000000,0.000000000
real_balance_only_noassist,11.192,118.112478,-38.674310,0.000000,0.562038472,9.414601878,2.061451628,0.000000,7,0.000000000,0.000000000
real_balance_only_noassist,11.244,160.154552,-37.548620,12.972882,1.014560989,15.742117484,2.795224246,0.000000,6,9.266344200,0.000000000
real_balance_only_noassist,11.296,-151.587853,-33.309194,45.344632,1.291948802,17.640034911,-2.645707139,0.000000,6,32.389023150,0.000000000
real_balance_only_noassist,11.347,-99.376313,-24.655481,77.802490,1.654260484,18.205696503,-1.734443862,0.000000,6,51.065214300,0.000000000
real_balance_only_noassist,11.398,-50.794191,-13.655481,67.063671,1.678251806,16.107550099,-0.886525880,0.000000,6,47.902621882,0.000000000
real_balance_only_noassist,11.450,-7.168764,-2.655481,34.883143,1.656199721,14.785695432,-0.125118529,0.000000,6,24.916530982,0.000000000
real_balance_only_noassist,11.501,34.827574,8.344519,2.559308,1.585437741,14.755732838,0.607855841,0.000000,6,6.449715382,0.000000000
real_balance_only_noassist,11.552,78.755051,19.284662,-29.433737,1.478398808,15.886151933,1.374534940,0.000000,6,-21.024097718,0.000000000
real_balance_only_noassist,11.603,126.287177,28.523726,-61.405485,1.277866970,16.716026439,2.204127046,0.000000,6,-43.861060868,0.000000000
real_balance_only_noassist,11.654,168.147250,31.607587,-93.688929,0.589433097,12.052661747,2.934723149,0.000000,6,-66.920663318,0.000000000
real_balance_only_noassist,11.705,-172.481082,23.485059,-126.172042,0.085980001,4.544393038,-3.010362778,0.000000,6,-85.511023718,0.000000000
real_balance_only_noassist,11.757,-160.255735,12.485059,-158.701708,0.088131994,4.033073714,-2.796990228,0.000000,6,-113.358362918,0.000000000
real_balance_only_noassist,11.808,-150.032050,1.485059,-190.899352,0.093569123,3.205744348,-2.618553250,0.000000,6,-131.715650318,0.000000000
real_balance_only_noassist,11.858,-142.598587,-9.514941,-203.658274,0.099073435,2.144519412,-2.488814851,0.000000,6,-145.470195600,0.000000000
real_balance_only_noassist,11.910,-138.452739,-20.514941,-171.060365,0.102339358,0.950658761,-2.416456149,0.000000,6,-126.845232450,0.000000000
real_balance_only_noassist,11.961,-137.814499,-31.514941,-138.722098,0.101960434,-0.282333148,-2.405316761,0.000000,6,-103.671451050,0.000000000
real_balance_only_noassist,12.013,-134.946071,-39.000000,0.000000,0.198661769,4.568073554,-2.355253254,0.000000,6,0.000000000,0.000000000
real_balance_only_noassist,12.064,-123.833176,-39.000000,0.000000,0.216127553,3.248335228,-2.161296650,0.000000,6,0.000000000,0.000000000
real_balance_only_noassist,12.115,-117.270909,-39.000000,0.000000,0.223026777,1.614295137,-2.046763478,0.000000,6,0.000000000,0.000000000
real_balance_only_noassist,12.166,-115.465204,-39.000000,0.000000,0.223693576,-0.052453800,-2.015247976,0.000000,6,0.000000000,0.000000000
real_balance_only_noassist,12.217,-118.252317,-38.867178,22.409999,0.215745511,-1.507491616,-2.063892272,0.000000,6,11.526397500,0.000000000
real_balance_only_noassist,12.268,-123.008789,-36.319519,54.570684,0.187617285,-1.498676426,-2.146908384,0.000000,6,34.433163750,0.000000000
real_balance_only_noassist,12.320,-124.863320,-27.583067,80.671169,0.168510498,-0.321893772,-2.179276048,0.000000,6,57.622263580,0.000000000
real_balance_only_noassist,12.370,-128.236094,-16.583067,112.878230,0.162081599,-1.770541282,-2.238142059,0.000000,6,75.967263280,0.000000000
real_balance_only_noassist,12.422,-135.602648,-5.583067,145.535495,0.150538551,-3.102834118,-2.366712679,0.000000,6,99.266507380,0.000000000
real_balance_only_noassist,12.473,-146.423493,5.416933,177.588381,0.136232574,-4.205944532,-2.555572047,0.000000,6,126.848843380,0.000000000
real_balance_only_noassist,12.524,-159.860925,16.416933,196.925121,0.122885964,-4.972285606,-2.790099495,0.000000,6,145.193780080,0.000000000
real_balance_only_noassist,12.575,-174.780889,27.416933,164.443811,0.114222675,-5.305559070,-3.050501978,0.000000,6,122.110071580,0.000000000
real_balance_only_noassist,12.627,170.154484,38.416933,132.036332,0.112191524,-5.157819363,2.969755979,0.000000,6,98.845366780,0.000000000
real_balance_only_noassist,12.677,134.826815,39.000000,0.000000,0.716226331,-12.252092419,2.353171839,0.000000,6,0.000000000,0.000000000
real_balance_only_noassist,12.728,102.673850,39.000000,0.000000,0.742132016,-10.438210437,1.791996744,0.000000,6,0.000000000,0.000000000
real_balance_only_noassist,12.780,76.221566,39.000000,0.000000,0.768082523,-8.399783291,1.330317290,0.000000,6,0.000000000,0.000000000
real_balance_only_noassist,12.831,55.371093,39.000000,0.000000,0.786560446,-6.541705248,0.966407888,0.000000,6,0.000000000,0.000000000
real_balance_only_noassist,12.882,39.804078,38.641409,-28.613138,0.773223686,-4.454411070,0.694712225,0.000000,6,-15.935588270,0.000000000
real_balance_only_noassist,12.934,32.882441,35.316429,-28.000000,0.725659294,-0.965292092,0.573906866,0.000000,6,-20.000000000,0.000000000
real_balance_only_noassist,12.985,39.008073,26.352181,-155.423593,0.755431537,3.811635473,0.680819309,0.000000,6,-236.064846957,0.000000000
real_balance_only_noassist,13.036,51.849258,15.352181,-128.071468,0.734060643,4.981525629,0.904940274,0.000000,6,-134.317051999,0.000000000
real_balance_only_noassist,13.087,68.468403,4.352181,-16.107444,0.700510539,6.404961736,1.194999064,0.000000,6,-16.021639070,0.000000000
real_balance_only_noassist,13.138,89.493121,-6.570937,16.290355,0.651341603,7.991717557,1.561949613,0.000000,6,6.904582030,0.000000000
real_balance_only_noassist,13.190,115.249275,-16.251453,-2.715552,0.597648862,9.651812585,2.011479310,0.000000,6,-1.939679721,0.000000000
real_balance_only_noassist,13.241,145.991338,-25.006183,29.752339,0.618708380,11.742971810,2.548029533,0.000000,6,16.713035380,0.000000000
real_balance_only_noassist,13.292,-173.330439,-29.468722,61.805798,1.056732920,16.233278701,-3.025186852,0.000000,6,44.146998280,0.000000000
real_balance_only_noassist,13.343,-119.119747,-26.271430,93.923012,1.845873966,20.275786849,-2.079031794,0.000000,6,62.531944030,0.000000000
real_balance_only_noassist,13.394,-61.826784,-15.921758,87.259691,2.052384221,19.201022006,-1.079080950,0.000000,6,66.825532630,0.000000000
real_balance_only_noassist,13.445,-9.774602,-4.921758,55.111721,2.023026993,17.634648877,-0.170598983,0.000000,6,44.021661580,0.000000000
real_balance_only_noassist,13.496,40.247623,6.078242,22.737416,1.925012468,17.557829666,0.702453545,0.000000,6,20.911018330,0.000000000
real_balance_only_noassist,13.548,92.279189,17.078242,-9.751376,1.773728641,18.687789730,1.610575673,0.000000,6,-2.359909970,0.000000000
real_balance_only_noassist,13.599,147.652684,27.878246,-41.883902,1.572945418,19.442562145,2.577025489,0.000000,6,-25.438559120,0.000000000
real_balance_only_noassist,13.650,-163.336480,34.724845,-74.390734,0.852256761,14.454912877,-2.850759361,0.000000,6,-48.516108470,0.000000000
real_balance_only_noassist,13.702,-136.775561,31.322066,-106.788050,0.229923728,5.555547151,-2.387183880,0.000000,6,-71.605631870,0.000000000
real_balance_only_noassist,13.753,-126.837441,20.361486,-138.703613,0.189478923,2.843460052,-2.213730969,0.000000,6,-94.340706020,0.000000000
real_balance_only_noassist,13.803,-121.315781,9.361486,-132.542726,0.195010481,1.280832046,-2.117359815,0.000000,6,-94.673375720,0.000000000
real_balance_only_noassist,13.854,-120.337156,-1.638514,-100.421684,0.194586000,-0.309154591,-2.100279587,0.000000,6,-76.289718770,0.000000000
real_balance_only_noassist,13.906,-123.845554,-12.638514,-67.683810,0.187517524,-1.848452500,-2.161512676,0.000000,6,-53.134101620,0.000000000
real_balance_only_noassist,13.957,-131.565247,-23.638514,-35.461744,0.174515829,-3.258160511,-2.296246734,0.000000,6,-25.329817070,0.000000000
real_balance_only_noassist,14.008,-142.965398,-34.638514,-3.476749,0.158033946,-4.440603685,-2.495216903,0.000000,6,-2.483392220,0.000000000
real_balance_only_noassist,14.059,-144.717955,-38.724008,28.677557,0.090405955,2.140641686,-2.525804798,0.000000,6,15.788002330,0.000000000
real_balance_only_noassist,14.111,-136.087852,-35.178845,61.029377,0.170078989,3.884763436,-2.375181084,0.000000,6,43.592412430,0.000000000
real_balance_only_noassist,14.162,-121.722389,-25.347842,93.489746,0.283885369,4.944969311,-2.124456455,0.000000,6,62.081323030,0.000000000
real_balance_only_noassist,14.213,-110.453357,-14.347842,73.641485,0.296532852,3.211501574,-1.927774748,0.000000,6,57.159936809,0.000000000
real_balance_only_noassist,14.265,-104.299528,-3.347842,41.107197,0.303388742,1.406060281,-1.820370171,0.000000,6,29.362283459,0.000000000
real_balance_only_noassist,14.316,-103.318318,7.652158,21.785591,0.302621434,-0.392120732,-1.803244824,0.000000,6,10.976457509,0.000000000
real_balance_only_noassist,14.367,-107.412345,18.652158,13.815517,0.293288932,-2.139696908,-1.874699070,0.000000,6,14.498853974,0.000000000
real_balance_only_noassist,14.419,-116.435374,29.562345,-18.601732,0.278643466,-3.903052457,-2.032180636,0.000000,6,-13.286951326,0.000000000
real_balance_only_noassist,14.469,-132.332735,38.189826,-50.630948,0.324017146,-6.997732329,-2.309641929,0.000000,6,-31.644837675,0.000000000
real_balance_only_noassist,14.521,-168.338281,35.826189,-83.024613,1.016894688,-15.880765087,-2.938057262,0.000000,6,-59.303295225,0.000000000
real_balance_only_noassist,14.572,139.604280,25.154123,-115.490306,1.387177032,-17.983490082,2.436554342,0.000000,6,-77.859965926,0.000000000
real_balance_only_noassist,14.623,91.214107,14.154123,-134.904708,1.412235671,-16.032389646,1.591986496,0.000000,6,-96.360505876,0.000000000
real_balance_only_noassist,14.674,48.878146,3.154123,-83.981297,1.430822838,-13.967426581,0.853084572,0.000000,6,-77.943848175,0.000000000
real_balance_only_noassist,14.724,4.481828,-4.139115,-89.817249,1.990495340,-17.370198861,0.078222663,0.000000,6,-18.964922178,0.000000000
real_balance_only_noassist,14.776,-34.571143,-12.836229,-0.186223,1.402746971,-13.107593945,-0.603380270,0.000000,6,67.276627721,0.000000000
real_balance_only_noassist,14.827,-84.339911,-16.208041,-44.593347,1.732285417,-18.035966470,-1.472009146,0.000000,6,-36.467932275,0.000000000
real_balance_only_noassist,14.879,-139.269591,-24.803581,-12.187845,1.745052847,-20.310150859,-2.430712912,0.000000,6,-13.207028625,0.000000000
real_balance_only_noassist,14.930,162.185820,-35.690029,20.151921,1.618440386,-19.997663998,2.830676565,0.000000,6,9.742576275,0.000000000
real_balance_only_noassist,14.980,121.464413,-37.878192,52.015917,0.633050109,-10.553088370,2.119953928,0.000000,6,32.515836525,0.000000000
real_balance_only_noassist,15.032,98.448999,-30.064780,84.405227,0.507159024,-6.565324843,1.718259177,0.000000,6,55.730885625,0.000000000
real_balance_only_noassist,15.083,83.030612,-19.064780,91.576146,0.523950090,-4.580847456,1.449157554,0.000000,6,66.926710932,0.000000000
real_balance_only_noassist,15.135,73.116855,-8.064780,68.149105,0.535463979,-2.697354746,1.276129854,0.000000,6,49.906597982,0.000000000
real_balance_only_noassist,15.185,68.416387,2.935220,70.518141,0.540133030,-0.919960233,1.194091209,0.000000,6,50.176806302,0.000000000
real_balance_only_noassist,15.237,68.677263,13.935220,51.427770,0.537566570,0.787673478,1.198644363,0.000000,6,41.372542736,0.000000000
real_balance_only_noassist,15.287,73.792106,24.935220,19.669680,0.526531813,2.480110373,1.287915219,0.000000,6,14.049771235,0.000000000
real_balance_only_noassist,15.339,83.790826,35.922011,-13.086853,0.505449350,4.201426483,1.462425790,0.000000,6,-4.543577164,0.000000000
real_balance_only_noassist,15.390,99.400943,38.247113,-45.169705,0.480468157,6.167731312,1.734873739,0.000000,6,-32.264074864,0.000000000
real_balance_only_noassist,15.441,117.782578,32.555300,-77.232009,0.364046904,6.215936518,2.055693787,0.000000,6,-55.165721014,0.000000000
real_balance_only_noassist,15.492,135.843858,21.659484,-109.481489,0.295458265,6.793072020,2.370922584,0.000000,6,-73.633450114,0.000000000
real_balance_only_noassist,15.544,156.957653,10.659484,-141.746632,0.267963295,7.691813516,2.739427830,0.000000,6,-101.247594364,0.000000000
real_balance_only_noassist,15.595,179.596739,-0.340516,-173.900500,0.252788820,7.949514156,3.134554413,0.000000,6,-124.214643064,0.000000000
real_balance_only_noassist,15.646,-158.228984,-11.340516,-206.170440,0.252814105,7.497093012,-2.761616743,0.000000,6,-147.264599764,0.000000000
real_balance_only_noassist,15.696,-138.436858,-22.340516,-184.773716,0.263900135,6.424633023,-2.416178973,0.000000,6,-136.459644900,0.000000000
real_balance_only_noassist,15.752,-122.487009,-33.340516,-150.275145,0.278752892,4.927327184,-2.137801591,0.000000,6,-112.079355900,0.000000000
real_balance_only_noassist,15.803,-106.241144,-39.000000,0.000000,0.466024139,6.770724061,-1.854257771,0.000000,6,0.000000000,0.000000000
real_balance_only_noassist,15.855,-90.071579,-39.000000,0.000000,0.485778359,4.844289977,-1.572045619,0.000000,6,0.000000000,0.000000000
real_balance_only_noassist,15.906,-79.453703,-39.000000,0.000000,0.498462587,2.925817244,-1.386728720,0.000000,6,0.000000000,0.000000000
real_balance_only_noassist,15.957,-74.199961,-38.987800,0.000000,0.503952383,1.085052535,-1.295033622,0.000000,6,0.000000000,0.000000000
real_balance_only_noassist,16.009,-74.123143,-38.904314,12.266152,0.501790427,-0.714365738,-1.293692899,0.000000,6,4.042879050,0.000000000
real_balance_only_noassist,16.060,-79.810943,-37.398755,44.387328,0.496426371,-2.941601650,-1.392963734,0.000000,6,27.075141750,0.000000000
real_balance_only_noassist,16.112,-92.097728,-30.712984,77.230672,0.482676161,-5.114674991,-1.607408583,0.000000,6,55.164765900,0.000000000
real_balance_only_noassist,16.163,-109.540030,-19.721857,109.470692,0.444066370,-6.762221905,-1.911834195,0.000000,6,73.551126900,0.000000000
real_balance_only_noassist,16.214,-131.423219,-8.721857,141.543468,0.401557759,-8.197191512,-2.293767882,0.000000,6,96.594483450,0.000000000
real_balance_only_noassist,16.265,-156.637330,2.278143,173.791804,0.365621894,-9.130310345,-2.733837144,0.000000,6,124.137003000,0.000000000
real_balance_only_noassist,16.316,176.698235,13.278143,206.132672,0.347620894,-9.313559019,3.083965982,0.000000,6,142.588672500,0.000000000
real_balance_only_noassist,16.368,150.916578,24.278143,174.099319,0.350123335,-8.669584161,2.633991182,0.000000,6,124.356656100,0.000000000
real_balance_only_noassist,16.419,128.184465,35.278143,141.903826,0.365736642,-7.347048286,2.237240956,0.000000,6,101.359875900,0.000000000
real_balance_only_noassist,16.469,101.916985,39.000000,0.000000,0.698673821,-9.839996971,1.778786944,0.000000,6,0.000000000,0.000000000
real_balance_only_noassist,16.521,77.151776,39.000000,0.000000,0.724003787,-7.815787329,1.346552520,0.000000,6,0.000000000,0.000000000
real_balance_only_noassist,16.572,57.977662,39.000000,0.000000,0.742107253,-5.950571616,1.011901095,0.000000,6,0.000000000,0.000000000
real_balance_only_noassist,16.623,43.647754,38.997295,0.000000,0.753279780,-4.385783368,0.761797024,0.000000,6,0.000000000,0.000000000
real_balance_only_noassist,16.674,33.473131,38.860450,-19.392900,0.752658897,-2.869693782,0.584216342,0.000000,6,-9.261043800,0.000000000
real_balance_only_noassist,16.725,30.947946,36.229801,-88.433330,0.737090901,1.427846229,0.540143552,0.000000,6,-88.029202674,0.000000000
real_balance_only_noassist,16.776,45.986768,25.519716,-215.060753,0.802317413,5.858077507,0.802620516,0.000000,6,-260.000000000,0.000000000
real_balance_only_noassist,16.827,64.907650,14.519716,-300.000000,0.764393372,7.169117189,1.132852203,0.000000,6,-260.000000000,0.000000000
real_balance_only_noassist,16.879,88.051834,3.519716,-300.000000,0.710883017,8.734174845,1.536794422,0.000000,6,-260.000000000,0.000000000
real_balance_only_noassist,16.930,115.773608,-7.480284,-197.595833,0.646726591,10.307139771,2.020630638,0.000000,6,-74.613992001,0.000000000
real_balance_only_noassist,16.981,148.083508,-18.700284,-69.975798,0.587014265,11.485763540,2.584544789,0.000000,6,-32.103008250,0.000000000
real_balance_only_noassist,17.032,-178.950830,-29.480284,-12.905402,0.555219273,11.780847662,-3.123281188,0.000000,6,-13.673495400,0.000000000
real_balance_only_noassist,17.083,-143.428934,-38.998662,19.469038,1.179456377,16.599699244,-2.503307132,0.000000,6,9.285256650,0.000000000
real_balance_only_noassist,17.135,-92.453360,-38.152863,52.205024,1.507053778,16.818523290,-1.613615539,0.000000,6,32.437419150,0.000000000
real_balance_only_noassist,17.186,-49.463925,-32.893105,51.148802,1.339108747,13.149881320,-0.863308359,0.000000,6,55.453999800,0.000000000
real_balance_only_noassist,17.237,-7.379096,-28.377029,25.306635,2.410949453,20.182909085,-0.128789528,0.000000,6,-103.104165996,0.000000000
real_balance_only_noassist,17.288,51.251939,-32.267988,122.467820,1.837959610,17.320202057,0.894515088,0.000000,6,82.955914500,0.000000000
real_balance_only_noassist,17.340,94.252760,-22.999885,121.772775,1.267616938,15.035923342,1.645020998,0.000000,6,82.308408924,0.000000000
real_balance_only_noassist,17.391,139.623896,-11.999885,153.991104,1.157877721,16.312659154,2.436896697,0.000000,6,109.993645974,0.000000000
real_balance_only_noassist,17.442,-172.902339,-0.999885,186.200370,1.099034239,16.553151297,-3.017715097,0.000000,6,128.379536724,0.000000000
real_balance_only_noassist,17.493,-127.155475,10.000115,210.000000,1.101911251,15.382725543,-2.219281699,0.000000,6,150.000000000,0.000000000
real_balance_only_noassist,17.544,-86.417014,21.000115,152.253449,1.130524391,13.356662066,-1.508261425,0.000000,6,83.239702651,0.000000000
real_balance_only_noassist,17.595,-47.245114,26.929209,126.293424,1.663283884,15.846907427,-0.824582794,0.000000,6,-98.862679349,0.000000000
real_balance_only_noassist,17.647,-5.267001,24.082057,119.663395,1.191525393,10.104234400,-0.091926517,0.000000,6,-1.941086103,0.000000000
real_balance_only_noassist,17.698,33.649797,22.093906,93.959165,2.260855762,19.632920831,0.587299751,0.000000,6,-63.631238096,0.000000000
real_balance_only_noassist,17.749,90.376317,14.083674,126.459795,1.856577665,19.149118255,1.577364302,0.000000,6,94.998432300,0.000000000
real_balance_only_noassist,17.800,151.340675,21.749510,107.388721,2.091532608,22.602314318,2.641393066,0.000000,6,76.706229300,0.000000000
real_balance_only_noassist,17.851,-144.212599,32.749510,75.130880,2.034492781,22.138228759,-2.516984677,0.000000,6,53.664913950,0.000000000
real_balance_only_noassist,17.903,-87.423658,38.826913,0.000000,1.615226868,17.357910973,-1.525830681,0.000000,6,0.000000000,0.000000000
real_balance_only_noassist,17.954,-41.044049,37.251326,10.190907,1.632416795,15.362834720,-0.716353799,0.000000,6,7.279219500,0.000000000
real_balance_only_noassist,18.006,0.958226,35.627502,-22.396272,1.646563733,14.678373617,0.016724200,0.000000,6,-11.274781800,0.000000000
real_balance_only_noassist,18.058,47.103258,31.533485,-55.163983,1.877295674,17.448475237,0.822106946,0.000000,6,-39.402844950,0.000000000
real_balance_only_noassist,18.109,102.219418,22.445991,-87.487472,1.928461398,20.119115462,1.784065404,0.000000,6,-62.491051200,0.000000000
real_balance_only_noassist,18.161,162.902460,11.225991,-60.542497,1.789974356,21.051321151,2.843184285,0.000000,6,-43.244640888,0.000000000
real_balance_only_noassist,18.212,-138.720303,0.445991,-28.232913,1.756918080,20.367902928,-2.421126023,0.000000,6,-20.166366137,0.000000000
real_balance_only_noassist,18.263,-83.647759,-10.554009,-9.038771,1.779551321,18.328502214,-1.459928803,0.000000,6,-6.456265188,0.000000000
real_balance_only_noassist,18.314,-34.678583,-21.554009,10.169539,1.783070022,16.339960382,-0.605255449,0.000000,6,7.263956262,0.000000000
real_balance_only_noassist,18.366,8.291594,-31.560677,53.594071,1.527211200,13.661194803,0.144715613,0.000000,6,38.281479570,0.000000000
real_balance_only_noassist,18.417,39.967447,-36.190663,28.000000,1.074790646,9.767952065,0.697563551,0.000000,6,20.000000000,0.000000000
real_balance_only_noassist,18.468,66.254209,-36.014618,28.000000,0.875496619,9.015059661,1.156354090,0.000000,6,20.000000000,0.000000000
real_balance_only_noassist,18.519,93.183809,-31.726671,28.000000,0.761527639,9.885864667,1.626364271,0.000000,6,20.000000000,0.000000000
real_balance_only_noassist,18.569,125.449788,-22.624372,54.631410,0.769094861,12.291080611,2.189511844,0.000000,6,34.380557352,0.000000000
real_balance_only_noassist,18.621,162.342572,-11.624372,54.635572,0.710010535,13.148416647,2.833412394,0.000000,6,39.025408388,0.000000000
real_balance_only_noassist,18.673,-160.115023,-0.624372,22.359073,0.689786420,12.907270136,-2.794534337,0.000000,6,15.970766738,0.000000000
real_balance_only_noassist,18.723,-125.220509,10.322650,-9.820230,0.692860699,11.475708076,-2.185510180,0.000000,6,-2.425590562,0.000000000
real_balance_only_noassist,18.775,-96.925857,19.446017,-42.224723,0.649968502,8.730492459,-1.691675330,0.000000,6,-25.546703062,0.000000000
real_balance_only_noassist,18.826,-75.305402,23.083350,-74.365350,0.689763910,7.032515159,-1.314327208,0.000000,6,-53.118107212,0.000000000
real_balance_only_noassist,18.877,-52.583379,15.744898,-201.814285,0.904163610,8.266482173,-0.917753092,0.000000,6,-260.000000000,0.000000000
real_balance_only_noassist,18.928,-31.447422,4.744898,-300.000000,0.913781404,6.830398941,-0.548861056,0.000000,6,-260.000000000,0.000000000
real_balance_only_noassist,18.980,-13.530516,-6.255102,-300.000000,0.914626361,5.931215019,-0.236152052,0.000000,6,-260.000000000,0.000000000
real_balance_only_noassist,19.032,2.725788,-17.255102,-300.000000,0.908476152,5.570460584,0.047573967,0.000000,6,-255.152535783,0.000000000
real_balance_only_noassist,19.085,18.823497,-28.255102,-300.000000,0.894871699,5.724037516,0.328532007,0.000000,6,-260.000000000,0.000000000
real_balance_only_noassist,19.138,35.754280,-39.000000,0.000000,0.805318894,4.859896835,0.624029903,0.000000,6,0.000000000,0.000000000
real_balance_only_noassist,19.191,36.587183,-39.000000,0.000000,0.709605369,0.729291611,0.638566815,0.000000,6,0.000000000,0.000000000
real_balance_only_noassist,19.241,40.519436,-39.000000,0.000000,0.704078885,1.829074058,0.707197561,0.000000,6,0.000000000,0.000000000
real_balance_only_noassist,19.293,47.195174,-38.633427,29.507053,0.683100587,2.452731513,0.823711173,0.000000,6,21.076466288,0.000000000
real_balance_only_noassist,19.343,52.732479,-34.869048,61.609885,0.637245440,1.344672232,0.920355381,0.000000,6,39.484704038,0.000000000
real_balance_only_noassist,19.394,54.214744,-24.901297,63.162215,0.623604638,0.661277120,0.946225778,0.000000,6,46.082001041,0.000000000
real_balance_only_noassist,19.445,57.387657,-16.101297,57.325063,0.617505550,1.845310693,1.001603572,0.000000,6,40.946473836,0.000000000
real_balance_only_noassist,19.499,65.247649,-5.101297,36.251187,0.602377363,3.379373404,1.138786301,0.000000,6,25.893704754,0.000000000
real_balance_only_noassist,19.550,77.653582,5.898703,17.889232,0.576478207,5.004360719,1.355310678,0.000000,6,16.111421492,0.000000000
real_balance_only_noassist,19.600,94.833649,16.898703,-0.834600,0.538271129,6.688347206,1.655159420,0.000000,6,4.132070096,0.000000000
real_balance_only_noassist,19.652,116.510537,27.523996,-33.277374,0.474638543,8.021707201,2.033492488,0.000000,6,-23.769553054,0.000000000
real_balance_only_noassist,19.703,138.573440,34.776484,-64.946853,0.292068559,6.962252115,2.418562783,0.000000,6,-46.390609354,0.000000000
real_balance_only_noassist,19.753,150.775886,34.058950,-96.987074,0.062570661,1.776561509,2.631535635,0.000000,6,-69.276481204,0.000000000
real_balance_only_noassist,19.804,148.130444,23.892477,-90.247236,0.063759197,-1.073058779,2.585363972,0.000000,6,-64.462311454,0.000000000
real_balance_only_noassist,19.856,146.753257,12.892477,-57.664102,0.064246494,-0.065973532,2.561327514,0.000000,6,-45.867137854,0.000000000
real_balance_only_noassist,19.908,148.306586,1.672477,-63.745333,0.062062608,0.941353799,2.588438231,0.000000,6,-40.705262969,0.000000000
real_balance_only_noassist,19.960,152.543299,-9.327523,-96.481235,0.057653965,1.833974017,2.662382815,0.000000,6,-68.915167619,0.000000000
real_balance_only_noassist,20.021,160.449399,-22.307523,-83.344670,0.051101047,2.668227048,2.800370289,0.000000,6,-59.531907119,0.000000000
real_balance_only_noassist,20.072,168.911924,-33.307523,-51.033587,0.046126704,3.114548853,2.948069215,0.000000,6,-41.087212619,0.000000000
real_balance_only_noassist,20.123,-170.590630,-39.000000,0.000000,0.516290146,11.302771517,-2.977368162,0.000000,6,0.000000000,0.000000000
real_balance_only_noassist,20.174,-139.478059,-38.994846,13.522800,0.527832131,10.412946512,-2.434351365,0.000000,6,4.976060881,0.000000000
real_balance_only_noassist,20.225,-111.005666,-37.922184,45.571117,0.627342947,9.690236775,-1.937414355,0.000000,6,28.090511581,0.000000000
real_balance_only_noassist,20.277,-85.048572,-32.484400,28.000000,0.707107042,8.379118791,-1.484377602,0.000000,6,20.000000000,0.000000000
real_balance_only_noassist,20.328,-61.344208,-29.331632,-100.137572,0.961682211,9.760995553,-1.070658407,0.000000,6,-260.000000000,0.000000000
real_balance_only_noassist,20.379,-32.762883,-39.000000,27.374923,0.840577747,5.436032069,-0.571820183,0.000000,6,-13.587157997,0.000000000
real_balance_only_noassist,20.430,-33.338115,-34.445508,104.427213,0.782078539,-3.932274139,-0.581859881,0.000000,6,136.079828893,0.000000000
real_balance_only_noassist,20.481,-48.488167,-23.445508,231.594695,0.784252934,-5.739776481,-0.846278158,0.000000,6,260.000000000,0.000000000
real_balance_only_noassist,20.533,-67.155216,-12.445508,300.000000,0.746243873,-7.097535787,-1.172079628,0.000000,6,260.000000000,0.000000000
real_balance_only_noassist,20.584,-90.134395,-1.445508,300.000000,0.693007677,-8.682282280,-1.573141960,0.000000,6,260.000000000,0.000000000
real_balance_only_noassist,20.636,-117.698197,9.554492,171.413175,0.629883134,-10.245440681,-2.054221059,0.000000,6,46.613714431,0.000000000
real_balance_only_noassist,20.686,-149.116174,20.554492,59.079303,0.573109089,-11.373990386,-2.602568203,0.000000,6,42.199502431,0.000000000
real_balance_only_noassist,20.737,177.604927,31.554492,26.741907,0.542457067,-11.641673817,3.099790746,0.000000,6,23.760558931,0.000000000
real_balance_only_noassist,20.789,138.392933,39.000000,-5.211767,1.412580272,-18.121700436,2.415412343,0.000000,6,-3.722690669,0.000000000
real_balance_only_noassist,20.840,88.085793,38.864648,-37.736733,1.476888323,-16.365978310,1.537387108,0.000000,6,-26.954809619,0.000000000
real_balance_only_noassist,20.892,46.911707,36.199685,-28.000000,1.359670367,-13.221311264,0.818763744,0.000000,6,-20.000000000,0.000000000
real_balance_only_noassist,20.942,14.726164,29.578146,-2.421827,1.156475568,-9.805167156,0.257020043,0.000000,6,-20.000000000,0.000000000
real_balance_only_noassist,20.994,-30.091588,29.702983,-27.507273,2.572143845,-21.448948338,-0.525197291,0.000000,6,42.255040000,0.000000000
real_balance_only_noassist,21.046,-88.050169,33.247323,-108.723818,1.868958122,-19.125944074,-1.536765357,0.000000,6,-77.659870019,0.000000000
real_balance_only_noassist,21.096,-146.570834,23.865629,-140.764083,1.851923160,-21.136505513,-2.558143639,0.000000,6,-95.994848219,0.000000000
real_balance_only_noassist,21.147,152.847500,12.865629,-172.852529,1.789020438,-20.891242202,2.667692130,0.000000,6,-123.466092269,0.000000000
real_balance_only_noassist,21.198,95.844844,1.865629,-205.213817,1.804692502,-19.054215615,1.672808101,0.000000,6,-141.915721469,0.000000000
real_balance_only_noassist,21.251,44.963750,-9.134371,-172.606526,1.816519598,-16.929821334,0.784765476,0.000000,6,-123.290375819,0.000000000
real_balance_only_noassist,21.302,-1.274176,-20.134371,-140.162518,1.780863159,-15.781002714,-0.022238558,0.000000,6,-100.116084119,0.000000000
real_balance_only_noassist,21.353,-46.571918,-31.134371,-108.127971,1.688848712,-16.021047617,-0.812833307,0.000000,6,-77.234264969,0.000000000
real_balance_only_noassist,21.404,-95.544760,-39.000000,0.000000,1.733841172,-18.569842298,-1.667570651,0.000000,6,0.000000000,0.000000000
real_balance_only_noassist,21.456,-150.971327,-39.000000,0.000000,1.606293174,-19.729411426,-2.634946734,0.000000,6,0.000000000,0.000000000
real_balance_only_noassist,21.507,152.722216,-38.928590,0.000000,1.523391409,-19.233789072,2.665505509,0.000000,6,0.000000000,0.000000000
real_balance_only_noassist,21.559,102.035553,-37.474548,21.370997,1.398596713,-16.492569671,1.780856361,0.000000,6,15.264997681,0.000000000
real_balance_only_noassist,21.609,58.203665,-31.886969,53.496843,1.497014390,-14.982141610,1.015845590,0.000000,6,33.676567681,0.000000000
real_balance_only_noassist,21.661,14.989384,-21.169755,85.938871,1.634167500,-14.686042652,0.261614108,0.000000,6,61.384908181,0.000000000
real_balance_only_noassist,21.713,-26.295988,-10.169755,118.496223,1.574223323,-14.405119519,-0.458951564,0.000000,6,84.640159381,0.000000000
real_balance_only_noassist,21.764,-68.831651,0.830245,150.708045,1.469113483,-15.289000297,-1.201338937,0.000000,6,107.648603581,0.000000000
real_balance_only_noassist,21.815,-115.002520,11.830245,130.986477,1.341602108,-16.696205821,-2.007172622,0.000000,6,98.216691331,0.000000000
real_balance_only_noassist,21.866,-164.540878,22.830245,98.865031,1.245983352,-17.548409191,-2.871780069,0.000000,6,70.617879031,0.000000000
real_balance_only_noassist,21.916,145.764563,33.830245,66.856356,1.222360856,-16.988016319,2.544071550,0.000000,6,52.403993581,0.000000000
real_balance_only_noassist,21.968,93.093528,39.000000,0.000000,1.917390079,-19.660660873,1.624788572,0.000000,6,0.000000000,0.000000000
real_balance_only_noassist,22.019,40.431364,39.000000,0.000000,1.925632043,-17.568036849,0.705660430,0.000000,6,0.000000000,0.000000000
real_balance_only_noassist,22.070,-7.209697,38.705204,-29.985161,1.778901736,-15.789270535,-0.125832954,0.000000,6,-16.813649219,0.000000000
real_balance_only_noassist,22.122,-46.985255,34.738555,-28.000000,1.315774581,-12.803169333,-0.820047406,0.000000,6,-20.000000000,0.000000000
real_balance_only_noassist,22.173,-83.183335,26.968884,48.446425,1.149671179,-13.329442375,-1.451823086,0.000000,6,163.471419996,0.000000000
real_balance_only_noassist,22.224,-122.798394,32.998467,-27.634560,0.938781752,-13.774422051,-2.143236300,0.000000,6,-19.122943998,0.000000000
real_balance_only_noassist,22.275,-172.615963,38.740409,-101.174955,1.973725375,-22.194994962,-3.012716901,0.000000,6,-67.686475919,0.000000000
real_balance_only_noassist,22.327,110.302122,30.189341,-133.782247,3.359277220,-27.852416400,1.925135194,0.000000,6,-90.868971119,0.000000000
real_balance_only_noassist,22.378,34.463114,19.189341,-114.162846,3.333065360,-25.578971950,0.601494805,0.000000,6,-86.064198269,0.000000000
real_balance_only_noassist,22.430,-37.054765,8.189341,-81.709948,3.175327601,-24.848384711,-0.646727654,0.000000,6,-63.028725269,0.000000000
real_balance_only_noassist,22.481,-109.688498,-2.810659,-75.241193,2.927834389,-25.824583274,-1.914425449,0.000000,6,-49.135363619,0.000000000
real_balance_only_noassist,22.532,175.122405,-13.810659,-107.429564,2.765377151,-26.286670209,3.056462569,0.000000,6,-72.139911269,0.000000000
real_balance_only_noassist,22.583,102.069415,-24.810659,-75.460839,2.750741739,-24.700158090,1.781447358,0.000000,6,-53.900599469,0.000000000
real_balance_only_noassist,22.634,35.188060,-35.810659,-43.373800,2.736549025,-22.491410784,0.614147500,0.000000,6,-30.981285869,0.000000000
real_balance_only_noassist,22.685,-43.494288,-39.000000,0.000000,4.178695911,-29.587294919,-0.759118536,0.000000,6,0.000000000,0.000000000
real_balance_only_noassist,22.736,-129.747321,-39.000000,20.953750,3.868487218,-30.524535113,-2.264517947,0.000000,6,10.427007181,0.000000000
real_balance_only_noassist,22.787,145.015697,-37.892025,53.323004,3.156543201,-27.774269177,2.531001382,0.000000,6,33.448651681,0.000000000
real_balance_only_noassist,22.839,76.266929,-28.884762,85.853649,2.492988956,-22.402196509,1.331109019,0.000000,6,56.608990231,0.000000000
real_balance_only_noassist,22.890,15.529105,-17.884762,118.052932,2.458399897,-20.542179924,0.271034005,0.000000,6,79.740351481,0.000000000
real_balance_only_noassist,22.942,-42.506463,-6.884762,150.441018,2.332299716,-20.313923755,-0.741877728,0.000000,6,107.457869731,0.000000000
real_balance_only_noassist,22.992,-102.420970,4.115238,156.702535,2.145069568,-21.430538783,-1.787583147,0.000000,6,116.633169481,0.000000000
real_balance_only_noassist,23.043,-165.552514,15.115238,124.902374,1.999051265,-22.285882805,-2.889436461,0.000000,6,93.711341281,0.000000000
real_balance_only_noassist,23.094,131.601805,26.115238,92.571224,1.968367734,-21.427211815,2.296884800,0.000000,6,70.797904681,0.000000000
real_balance_only_noassist,23.146,73.726738,37.115238,60.027467,1.989186407,-19.279707999,1.286774325,0.000000,6,42.876761881,0.000000000
real_balance_only_noassist,23.197,30.235027,39.000000,0.000000,1.504187519,-13.899341895,0.527700777,0.000000,6,0.000000000,0.000000000
real_balance_only_noassist,23.249,-8.003656,38.997360,-4.359219,1.470043871,-13.125034917,-0.139690146,0.000000,6,-3.113728169,0.000000000
real_balance_only_noassist,23.300,-44.073126,37.963044,-28.000000,1.250832132,-12.005325080,-0.769221163,0.000000,6,-20.000000000,0.000000000
real_balance_only_noassist,23.353,-77.145092,32.983452,-28.000000,1.011126374,-11.526318563,-1.346435849,0.000000,6,-20.000000000,0.000000000
real_balance_only_noassist,23.404,-112.233519,24.591204,-43.299838,0.922649459,-13.026191899,-1.958844437,0.000000,6,-30.928455419,0.000000000
real_balance_only_noassist,23.455,-152.962793,13.702008,-75.845752,0.898276066,-14.623536392,-2.669704366,0.000000,6,-54.175536869,0.000000000
real_balance_only_noassist,23.513,164.077515,2.482008,-111.921018,0.863359748,-14.562836443,2.863692863,0.000000,6,-75.047480069,0.000000000
real_balance_only_noassist,23.573,117.633469,-10.497992,-112.572346,0.879760432,-12.936004971,2.053091342,0.000000,6,-80.408818769,0.000000000
real_balance_only_noassist,23.624,83.971454,-21.495684,-41.971965,0.908652752,-10.897721715,1.465578344,0.000000,6,56.549050083,0.000000000
real_balance_only_noassist,23.674,49.393847,-22.860053,34.041625,1.526501080,-14.821481754,0.862085267,0.000000,6,200.039648000,0.000000000
real_balance_only_noassist,23.725,7.617493,-12.012519,-36.531089,1.518176653,-13.572394198,0.132950325,0.000000,6,15.432124230,0.000000000
real_balance_only_noassist,23.776,-32.185459,-1.347586,-41.896554,1.533244224,-14.219220866,-0.561742227,0.000000,6,-29.926110119,0.000000000
real_balance_only_noassist,23.827,-72.477058,8.395494,-22.408447,1.326069382,-14.278678058,-1.264963300,0.000000,6,-16.006033319,0.000000000
real_balance_only_noassist,23.879,-115.936955,16.147152,-33.775179,1.241921202,-15.977717750,-2.023481585,0.000000,6,-24.125127967,0.000000000
real_balance_only_noassist,23.929,-169.023930,18.059443,-65.503225,1.753112607,-20.892189641,-2.950024098,0.000000,6,-46.788018067,0.000000000
real_balance_only_noassist,23.981,121.280026,11.089634,-98.144707,2.879530539,-25.936812346,2.116735767,0.000000,6,-70.103361817,0.000000000
real_balance_only_noassist,24.033,50.153432,0.089634,-91.889789,2.926005012,-23.886089167,0.875342525,0.000000,6,-65.635563817,0.000000000
real_balance_only_noassist,24.085,-15.774865,-10.910366,-59.240432,2.826849676,-22.676135586,-0.275323328,0.000000,6,-42.314594617,0.000000000
real_balance_only_noassist,24.136,-81.461895,-21.910366,-26.542455,2.624485297,-23.312157741,-1.421778282,0.000000,6,-18.958896667,0.000000000
real_balance_only_noassist,24.188,-150.214937,-32.910366,6.183550,2.428067613,-24.373292790,-2.621745241,0.000000,6,4.416821333,0.000000000
real_balance_only_noassist,24.240,151.447126,-38.629796,38.594825,0.927196104,-14.827938199,2.643250989,0.000000,6,22.878457883,0.000000000
real_balance_only_noassist,24.291,118.061632,-33.144078,70.930376,0.562961932,-9.422780344,2.060564201,0.000000,6,50.664554333,0.000000000
real_balance_only_noassist,24.342,96.358499,-22.242096,89.855155,0.530993319,-6.746318639,1.681773069,0.000000,6,64.182253283,0.000000000
real_balance_only_noassist,24.393,80.364321,-11.242096,71.591186,0.549531758,-4.781495178,1.402622008,0.000000,6,51.136561325,0.000000000
real_balance_only_noassist,24.444,69.853308,-0.242096,69.793933,0.561522463,-2.914195651,1.219170226,0.000000,6,49.852808947,0.000000000
real_balance_only_noassist,24.496,64.476497,10.757904,72.503846,0.566970273,-1.171798700,1.125327162,0.000000,6,51.543316806,0.000000000
real_balance_only_noassist,24.548,63.935873,21.757904,46.538963,0.565760160,0.487004392,1.115891494,0.000000,6,37.990004500,0.000000000
real_balance_only_noassist,24.600,68.097939,32.757904,13.972853,0.556844639,2.125507902,1.188533244,0.000000,6,9.980609050,0.000000000
real_balance_only_noassist,24.651,80.071553,38.947518,-18.120877,0.617232785,6.268490422,1.397512231,0.000000,6,-12.943483550,0.000000000
real_balance_only_noassist,24.702,101.039138,37.145466,-50.348190,0.568272780,7.921636947,1.763465623,0.000000,6,-35.962992800,0.000000000
real_balance_only_noassist,24.753,123.745389,29.807675,-82.847333,0.398856121,7.490587805,2.159764472,0.000000,6,-59.176666250,0.000000000
real_balance_only_noassist,24.804,146.795211,18.807675,-115.078957,0.351347406,8.474605614,2.562059752,0.000000,6,-77.641163900,0.000000000
real_balance_only_noassist,24.857,172.111813,7.807675,-147.895823,0.326504621,8.983201624,3.003917823,0.000000,6,-105.639873650,0.000000000
real_balance_only_noassist,24.908,-162.441425,-3.192325,-180.385154,0.320968066,8.698933423,-2.835137708,0.000000,6,-124.125051050,0.000000000
real_balance_only_noassist,24.960,-139.095023,-14.192325,-210.000000,0.331522363,7.676212371,-2.427666123,0.000000,6,-150.000000000,0.000000000
